Date,Open,High,Low,Close,Adj Close,Volume
11/28/2012,46.669998,47.66,46.380001,47.360001,44.228668,1267500
11/29/2012,47.529999,48.66,47.490002,48.130001,44.947758,1785500
11/30/2012,48.130001,48.82,47.919998,48.580002,45.368011,4687700
12/3/2012,48.790001,49.27,48.59,48.98,45.74157,2407300
12/4/2012,48.810001,49.189999,48.400002,48.970001,45.732227,1858200
12/5/2012,46.09,49.950001,46.09,49.740002,46.451317,2143500
12/6/2012,49.490002,49.740002,49,49.419998,46.152473,1498300
12/7/2012,49.610001,49.66,49.009998,49.360001,46.096443,1826600
12/10/2012,49.200001,49.459999,48.869999,49.119999,45.872314,1126300
12/11/2012,49.490002,49.66,49.119999,49.16,45.909653,1166800
12/12/2012,49.360001,49.650002,49.130001,49.25,45.99371,1117000
12/13/2012,49.32,49.32,48.369999,48.41,45.209251,1027200
12/14/2012,48.330002,48.810001,48,48.169998,44.985119,1096600
12/17/2012,48.389999,49.669998,48.32,49.669998,46.385937,1472900
12/18/2012,49.48,50.84,49.139999,50.790001,47.431889,1908200
12/19/2012,50.759998,51.57,50.549999,51.540001,48.132298,3429500
12/20/2012,51.529999,51.630001,50.880001,51.23,47.842793,3651100
12/21/2012,50.700001,50.700001,50.169998,50.25,46.927589,2717200
12/24/2012,50.279999,50.459999,49.830002,50.189999,46.871559,675400
12/26/2012,50.360001,50.419998,50,50.150002,46.834209,808300
12/27/2012,50.099998,50.16,49.119999,49.860001,46.563381,971900
12/28/2012,49.41,49.959999,49.41,49.470001,46.199158,710600
12/31/2012,49.439999,50.360001,49.439999,50.32,46.992966,1134300
1/2/2013,51.48,52,51.27,51.77,48.347084,2620900
1/3/2013,51.669998,52.48,51.630001,51.98,48.543209,2874200
1/4/2013,52.23,53.029999,51.580002,52.77,49.280972,2902600
1/7/2013,52.419998,52.900002,52.240002,52.529999,49.056843,2069900
1/8/2013,52.52,52.810001,52.25,52.810001,49.318329,3108200
1/9/2013,52.860001,53.290001,52.860001,53.27,49.747917,2674100
1/10/2013,53.549999,53.549999,52.919998,53.080002,49.570477,2456000
1/11/2013,53.040001,53.360001,52.599998,53.279999,49.757252,1227000
1/14/2013,53.360001,53.52,53.09,53.240002,49.719902,1431400
1/15/2013,52.939999,53.5,52.939999,53.439999,49.906685,1569300
1/16/2013,53.169998,53.459999,52.779999,53,49.495766,1331800
1/17/2013,53.380001,53.529999,53.009998,53.450001,49.916019,2097500
1/18/2013,53.5,53.650002,53.259998,53.599998,50.056103,1500300
1/22/2013,53.400002,53.560001,53.060001,53.349998,49.822628,1574000
1/23/2013,53.32,53.669998,53.150002,53.630001,50.08411,1600500
1/24/2013,53.439999,54.48,53.380001,53.959999,50.392292,2068400
1/25/2013,54.009998,54.349998,53.66,54.34,50.747173,1377700
1/28/2013,54.619999,54.619999,53.869999,54.450001,50.849892,1156700
1/29/2013,54.34,55.02,54.09,54.990002,51.354202,2505400
1/30/2013,54.869999,55.080002,54.59,54.919998,51.288818,2216500
1/31/2013,54.799999,55.040001,54.540001,54.82,51.195442,1811800
2/1/2013,55.23,55.580002,55.110001,55.349998,51.690388,2459300
2/4/2013,55.130001,55.389999,48.900002,49.450001,46.180481,11422100
2/5/2013,50.02,50.029999,42.709999,45.09,42.108757,22411200
2/6/2013,46.959999,48.48,45.509998,47.490002,44.350082,11933500
2/7/2013,47.84,47.869999,45.73,46.990002,43.883141,9662100
2/8/2013,45.279999,46.419998,40.669998,43.369999,40.502487,16212600
2/11/2013,43.52,45.889999,43.110001,45.490002,42.482315,7505900
2/12/2013,45.349998,47.150002,45.240002,46.09,43.042641,5442900
2/13/2013,46.799999,47.099998,45.75,46.790001,43.696362,4301900
2/14/2013,46.880001,47.490002,46.5,46.68,43.593628,2915600
2/15/2013,46.16,47,46.16,46.799999,43.893757,2831700
2/19/2013,46.73,48.669998,46.650002,48.57,45.553848,3917200
2/20/2013,47.75,48.259998,47.34,47.369999,44.428364,2976600
2/21/2013,47.330002,47.810001,47.009998,47.470001,44.522163,1814700
2/22/2013,47.619999,48.57,47.549999,48.27,45.272472,2234700
2/25/2013,48.439999,48.860001,46.68,46.709999,43.809349,2082200
2/26/2013,47.299999,47.639999,46.459999,47.5,44.550293,1806300
2/27/2013,47.349998,48.490002,47.349998,48.400002,45.394405,2040900
2/28/2013,48.290001,48.509998,47.880001,48.060001,45.075516,2770700
3/1/2013,47.790001,48.959999,47.740002,48.93,45.891495,2145900
3/4/2013,48.490002,49.380001,48.369999,49.369999,46.304161,2410500
3/5/2013,49.5,50.349998,49.5,50.060001,46.951317,3667700
3/6/2013,50.23,50.889999,50.130001,50.32,47.195175,2512300
3/7/2013,50.369999,50.560001,50.07,50.23,47.110756,1340300
3/8/2013,50.5,51.040001,49.599998,50.950001,47.786045,1746400
3/11/2013,50.779999,51.439999,50.349998,51.32,48.133072,1347300
3/12/2013,51.18,51.5,50.799999,51.07,47.898586,1414800
3/13/2013,51.009998,51.77,50.720001,51.700001,48.489483,1215200
3/14/2013,51.740002,51.970001,51.400002,51.5,48.301891,931000
3/15/2013,51.349998,51.919998,51.299999,51.610001,48.405064,1469200
3/18/2013,51.029999,51.709999,50.650002,51.419998,48.226852,703400
3/19/2013,51.439999,51.669998,50.349998,50.669998,47.523441,1105200
3/20/2013,51.16,51.990002,51.099998,51.869999,48.648918,1604000
3/21/2013,51.380001,51.919998,51.040001,51.32,48.133072,811200
3/22/2013,51.450001,52.200001,51.110001,51.32,48.133072,1199700
3/25/2013,51.669998,52.450001,51.5,52.209999,48.967804,963300
3/26/2013,52.27,52.380001,51.220001,52.080002,48.845879,1181700
3/27/2013,51.700001,52.59,51.220001,52.5,49.239792,1118400
3/28/2013,52.560001,53.369999,52.25,53.32,50.008877,1511700
4/1/2013,53.110001,53.369999,52.41,52.77,49.493038,1533800
4/2/2013,52.91,53.389999,52.439999,52.91,49.624329,943500
4/3/2013,53,53.34,51.779999,52.23,48.986561,1945400
4/4/2013,52.16,53.299999,52,52.799999,49.52116,983300
4/5/2013,51.959999,52.48,51.310001,52.400002,49.146004,1140000
4/8/2013,52.439999,53.009998,51.869999,52.990002,49.699364,1086600
4/9/2013,53.189999,53.189999,52.279999,52.91,49.624329,784100
4/10/2013,52.900002,54.790001,52.700001,54.169998,50.806087,1741500
4/11/2013,54.060001,54.889999,53.23,54.360001,50.984295,1197900
4/12/2013,54.130001,54.700001,53.77,54.400002,51.021805,772800
4/15/2013,54.240002,54.43,53.459999,53.459999,50.140175,1471300
4/16/2013,53.849998,54.669998,53.689999,54.630001,51.23753,1002500
4/17/2013,54.279999,54.880001,53.900002,54.639999,51.246902,1407800
4/18/2013,54.720001,54.98,53.869999,54.23,50.862366,1203100
4/19/2013,54.5,54.900002,54.009998,54.84,51.434475,1061100
4/22/2013,54.970001,54.98,54.200001,54.830002,51.425106,591200
4/23/2013,55,55.240002,54.529999,55.07,51.6502,984900
4/24/2013,55.16,55.560001,54.220001,54.299999,50.92802,2070200
4/25/2013,54.41,55.299999,54.360001,55.049999,51.631443,1120600
4/26/2013,55.139999,55.360001,54.77,55.119999,51.697094,1014900
4/29/2013,57.549999,61.259998,57.52,59.689999,55.983299,6036800
4/30/2013,59.830002,61.5,59.5,60.849998,57.071259,3603000
5/1/2013,60.25,61.189999,60.09,60.799999,57.024376,2372600
5/2/2013,60.470001,61.060001,60.150002,60.549999,56.78989,4352400
5/3/2013,61.330002,62.970001,58.09,62.75,58.853283,3729000
5/6/2013,62.490002,63.77,62.189999,63.5,59.556705,3017500
5/7/2013,63.5,64.220001,63.279999,64.120003,60.138214,1572400
5/8/2013,63.900002,65.260002,63.040001,63.84,59.875595,2279000
5/9/2013,63.84,64.360001,63.84,64.169998,60.185101,1947300
5/10/2013,64.18,65.400002,64.18,65.400002,61.338718,1375100
5/13/2013,65.18,65.629997,64.209999,65.099998,61.057346,1675500
5/14/2013,65.190002,66.699997,65.190002,66.68,62.539223,1379000
5/15/2013,66.360001,68.129997,66.239998,67.370003,63.186398,1683900
5/16/2013,67.160004,67.599998,66.720001,66.809998,62.84774,988600
5/17/2013,66.720001,68.010002,66.720001,67.910004,63.882481,1649000
5/20/2013,67.910004,68.459999,67.739998,67.949997,63.920128,1194500
5/21/2013,67.870003,69.18,67.839996,68.620003,64.550377,1296600
5/22/2013,68.529999,69.699997,66.43,66.980003,63.007656,1956300
5/23/2013,66.160004,67.190002,65.800003,66.57,62.62196,1296200
5/24/2013,66.190002,67.5,65.699997,67.25,63.261631,1322300
5/28/2013,68.110001,68.68,67.129997,67.629997,63.619099,1103000
5/29/2013,67.150002,67.650002,66.5,67.209999,63.223999,957800
5/30/2013,67.080002,68.059998,66.790001,67.599998,63.590881,941500
5/31/2013,67.300003,67.889999,66.440002,66.440002,62.499676,1224700
6/3/2013,66.559998,66.919998,65.209999,65.830002,61.92585,1535200
6/4/2013,65.830002,66.050003,65.059998,65.269997,61.399059,1246700
6/5/2013,65.010002,65.089996,63.27,63.619999,59.84692,1764700
6/6/2013,63.799999,65.029999,63.369999,64.959999,61.107452,1441600
6/7/2013,65.43,65.830002,64.82,65.739998,61.841194,998500
6/10/2013,65.260002,65.610001,64.599998,65,61.145081,1396100
6/11/2013,64.279999,64.480003,63.509998,63.52,59.75285,1505800
6/12/2013,64.209999,64.290001,60.439999,61.040001,57.41993,2916900
6/13/2013,61.040001,63.080002,60.509998,62.860001,59.131996,1638000
6/14/2013,62.73,63,61.889999,62.200001,58.511131,1045700
6/17/2013,62.82,62.93,62,62.189999,58.501728,1473300
6/18/2013,62.32,62.82,62.009998,62.610001,58.89682,978600
6/19/2013,62.52,62.799999,60.970001,61.009998,57.391705,1349400
6/20/2013,60.360001,60.84,58.66,58.799999,55.312771,1990300
6/21/2013,59.259998,59.490002,57.959999,58.880001,55.388039,1747300
6/24/2013,58.080002,58.209999,56.75,57.639999,54.221569,1409500
6/25/2013,58.529999,59.5,58.110001,58.43,54.964729,1233100
6/26/2013,58.939999,59.299999,58.560001,58.82,55.331593,1090500
6/27/2013,59.299999,61.009998,58.82,60.830002,57.222389,1672200
6/28/2013,60.689999,61.470001,60.57,60.93,57.316452,2563800
7/1/2013,61.169998,62.650002,61.169998,61.299999,57.664513,2147200
7/2/2013,61.02,61.93,60.290001,60.450001,56.864929,1058400
7/3/2013,60.119999,60.52,59.689999,60.040001,56.479233,656900
7/5/2013,60.490002,60.799999,59.849998,60.740002,57.137726,942400
7/8/2013,61.080002,62.150002,61.060001,61.259998,57.626877,1224700
7/9/2013,61.959999,62.18,61.419998,61.66,58.003162,1681500
7/10/2013,61.549999,61.93,59.73,60.029999,56.469826,2095300
7/11/2013,61.25,62.25,60.919998,61.34,57.702137,2107600
7/12/2013,61.529999,61.68,60.790001,61.040001,57.41993,1456900
7/15/2013,61.099998,61.200001,60.389999,60.799999,57.194164,1472000
7/16/2013,60.799999,61.040001,59.869999,60.330002,56.752037,1070300
7/17/2013,60.720001,61.509998,60.23,60.639999,57.043648,1500700
7/18/2013,60.880001,61.869999,60.810001,61.75,58.087822,985200
7/19/2013,61.75,61.830002,61.16,61.759998,58.097237,767600
7/22/2013,61.650002,62.18,61.459999,61.889999,58.219517,768300
7/23/2013,61.93,63.240002,61.84,62.310001,58.614609,1544200
7/24/2013,64.019997,67.050003,63.950001,64.68,60.844055,3195600
7/25/2013,64.370003,64.860001,63.779999,64.559998,60.731174,1510100
7/26/2013,64.220001,64.419998,63.610001,64.370003,60.552441,1559100
7/29/2013,64.059998,64.870003,64.059998,64.720001,60.88168,772600
7/30/2013,65.150002,66.779999,64.910004,66.550003,62.603142,1748300
7/31/2013,66.629997,68.059998,66.589996,67.769997,63.750786,1804600
8/1/2013,68.309998,69.290001,68.169998,68.910004,64.823212,1211900
8/2/2013,68.5,69.32,68.019997,69.220001,65.114799,921900
8/5/2013,69.059998,69.25,68.400002,69.230003,65.124199,790600
8/6/2013,69.160004,71.25,69.089996,70.959999,66.751617,1960500
8/7/2013,70.620003,70.639999,69.300003,69.68,65.547539,1863400
8/8/2013,70.879997,70.879997,68.790001,69.32,65.208862,1434500
8/9/2013,69.32,70,69.139999,69.580002,65.453445,875100
8/12/2013,69.120003,69.809998,68.93,69,64.907837,457100
8/13/2013,69.330002,69.709999,68.830002,69,64.907837,867500
8/14/2013,69.040001,69.239998,65.449997,65.5,61.615429,2559100
8/15/2013,64.75,64.93,63.700001,64.349998,60.533638,1825700
8/16/2013,64.519997,65.309998,63.869999,64.440002,60.854717,1152400
8/19/2013,64.290001,65.199997,63.959999,63.990002,60.429745,1194400
8/20/2013,64.080002,64.889999,63.889999,64.57,60.977489,695400
8/21/2013,64.309998,64.370003,63.09,63.18,59.664818,1046800
8/22/2013,63.459999,65.690002,63.349998,65.190002,61.562988,810100
8/23/2013,65.419998,65.959999,64.769997,65.18,61.553524,939400
8/26/2013,65.199997,65.589996,64.68,64.760002,61.15691,884100
8/27/2013,63.880001,64.400002,63.380001,63.43,59.900898,835400
8/28/2013,63.389999,64.190002,63.25,63.720001,60.174774,760900
8/29/2013,63.419998,64.650002,63.419998,64.059998,60.49585,577800
8/30/2013,64.129997,64.139999,62.950001,63.560001,60.023666,1088800
9/3/2013,65.029999,65.68,63.709999,64.07,60.505287,1191700
9/4/2013,63.970001,64.510002,63.41,64.110001,60.543068,937000
9/5/2013,64,64.459999,63.540001,63.619999,60.08033,942700
9/6/2013,64.230003,66.169998,63.599998,65.779999,62.12014,1496900
9/9/2013,66.190002,66.470001,65.050003,65.970001,62.29958,1119800
9/10/2013,66.43,67.279999,66.290001,67.199997,63.461151,877500
9/11/2013,67,67.900002,66.870003,67.739998,63.971096,1065200
9/12/2013,67.860001,67.970001,67.349998,67.510002,63.753914,945900
9/13/2013,67.459999,67.730003,66.870003,67.400002,63.650028,634400
9/16/2013,68.559998,69.440002,68.209999,69.040001,65.198792,770700
9/17/2013,69.220001,70.730003,68.709999,70.370003,66.454788,983500
9/18/2013,69.629997,71.68,69.629997,71.309998,67.342476,963800
9/19/2013,71.419998,71.739998,71.059998,71.489998,67.512474,1299400
9/20/2013,71.209999,71.720001,70.589996,70.599998,66.671974,1343300
9/23/2013,70.449997,71.07,70.019997,70.690002,66.756989,843500
9/24/2013,70.779999,71.459999,70.269997,70.510002,66.586998,1056300
9/25/2013,70.75,71.059998,69.639999,70.239998,66.332016,1200200
9/26/2013,70.580002,70.900002,69.800003,70.760002,66.823082,857900
9/27/2013,70.18,70.540001,69.879997,70.349998,66.43589,1121700
9/30/2013,69.849998,70.75,69.370003,70.330002,66.417023,935100
10/1/2013,70.330002,71.379997,70.139999,71.239998,67.276367,745000
10/2/2013,70.760002,71.279999,70.029999,71,67.049706,856700
10/3/2013,70.669998,71.260002,69.580002,70.019997,66.124252,735200
10/4/2013,70.139999,71.019997,69.949997,70.93,66.983643,702000
10/7/2013,70.330002,71.489998,70.269997,70.660004,66.728653,683900
10/8/2013,70.599998,71.160004,69.349998,69.57,65.699303,872200
10/9/2013,69.690002,70.620003,68.980003,69.959999,66.067581,1010200
10/10/2013,70.879997,71.910004,70.720001,71.440002,67.465263,1114300
10/11/2013,71.239998,71.760002,70.790001,71.459999,67.484146,780400
10/14/2013,71.019997,71.839996,70.860001,71.620003,67.635239,734400
10/15/2013,71.440002,71.669998,70.580002,70.599998,66.671974,1087900
10/16/2013,71.160004,71.660004,71.010002,71.599998,67.616348,1062100
10/17/2013,71.440002,72,71.07,71.959999,67.956322,800800
10/18/2013,72.160004,73.580002,72.160004,73.209999,69.136765,942900
10/21/2013,73.150002,73.150002,72.440002,72.959999,68.900658,462800
10/22/2013,73.349998,73.900002,72.959999,73.050003,68.98568,869900
10/23/2013,72.459999,72.769997,71.860001,71.949997,67.946846,671200
10/24/2013,72.059998,73.199997,72.059998,73.199997,69.127319,1131800
10/25/2013,71,71.93,66.910004,71.559998,67.578568,2964300
10/28/2013,71.459999,72.160004,70.32,70.459999,66.539772,1699800
10/29/2013,71.019997,72.269997,71.019997,71.989998,67.984634,936200
10/30/2013,72,72.160004,70.879997,71.230003,67.26693,829700
10/31/2013,71.239998,71.610001,70.309998,70.660004,66.728653,1357300
11/1/2013,70.669998,71.629997,70.629997,71.190002,67.229164,841100
11/4/2013,71.540001,72.559998,71.360001,72.419998,68.390709,712700
11/5/2013,72.209999,72.699997,71.699997,72.110001,68.097977,747900
11/6/2013,72.5,72.870003,72,72.279999,68.258507,530500
11/7/2013,72.290001,72.769997,71.18,71.379997,67.408592,846500
11/8/2013,71.239998,73.110001,71.230003,73.07,69.004555,787600
11/11/2013,73,73.730003,72.800003,73.449997,69.363419,635200
11/12/2013,73.25,73.25,72.239998,72.830002,68.777916,849700
11/13/2013,72.529999,73.410004,72.099998,73.330002,69.250092,703700
11/14/2013,69.980003,74.040001,69.980003,73.940002,69.826164,500300
11/15/2013,74.279999,75.07,74.029999,75.050003,70.874405,873500
11/18/2013,74.93,75.32,74.050003,74.230003,70.33432,802600
11/19/2013,74.220001,75.120003,74.059998,74.540001,70.628044,1074300
11/20/2013,74.690002,74.989998,73.870003,74.260002,70.36274,519700
11/21/2013,74.239998,74.940002,74.139999,74.309998,70.410103,960800
11/22/2013,74.419998,75.519997,74.279999,75.480003,71.518723,1220800
11/25/2013,75.529999,75.889999,74.220001,74.489998,70.580673,746400
11/26/2013,74.519997,75.139999,73.5,74.239998,70.343788,735100
11/27/2013,74.330002,74.900002,73.870003,74.230003,70.33432,460700
11/29/2013,74.410004,75.309998,73.970001,74.629997,70.713303,581000
12/2/2013,74.410004,75.5,74.239998,74.730003,70.808052,552400
12/3/2013,74.32,75.139999,73.389999,73.790001,69.917404,613200
12/4/2013,73.32,73.870003,71.959999,73.220001,69.377319,800100
12/5/2013,72.699997,73.459999,72.300003,72.389999,68.590881,1046900
12/6/2013,73.419998,74.010002,72.559998,73.919998,70.040581,532900
12/9/2013,74.010002,74.300003,73.07,73.419998,69.566818,712100
12/10/2013,73.220001,73.849998,72.910004,73.089996,69.254135,592500
12/11/2013,73.330002,73.440002,72.160004,72.279999,68.486633,714100
12/12/2013,72.260002,72.93,71.639999,71.709999,67.946571,810500
12/13/2013,72.300003,72.860001,71.800003,71.830002,68.060249,727900
12/16/2013,73.220001,74.379997,72.589996,73.919998,70.040581,1094900
12/17/2013,74.269997,74.370003,73.589996,73.629997,69.765793,812800
12/18/2013,74.07,75.18,73,75.120003,71.177605,1154000
12/19/2013,74.610001,75.18,74.029999,74.199997,70.305885,719100
12/20/2013,74.800003,77.370003,74.599998,77.300003,73.243202,2463800
12/23/2013,77.5,77.620003,76.589996,77.239998,73.186363,732300
12/24/2013,77.120003,77.57,76.779999,77.419998,73.356888,221600
12/26/2013,77.410004,77.809998,76.709999,77.68,73.603249,326700
12/27/2013,77.769997,77.910004,77.309998,77.440002,73.375847,340100
12/30/2013,77.419998,78.459999,77.160004,78.260002,74.152817,655800
12/31/2013,78.269997,79.150002,78.150002,78.470001,74.351791,624800
1/2/2014,77.860001,77.959999,76.419998,77.32,73.262146,950700
1/3/2014,77.220001,78.07,76.769997,77.830002,73.745377,905500
1/6/2014,78.120003,78.739998,77.43,77.830002,73.745377,823400
1/7/2014,77.879997,78.209999,77.489998,77.889999,73.802238,809200
1/8/2014,77.900002,78.040001,75.720001,76.279999,72.276726,1874900
1/9/2014,76.459999,76.599998,75.480003,76.559998,72.54203,957600
1/10/2014,76.639999,77.379997,76.489998,76.75,72.722061,920800
1/13/2014,76.639999,76.860001,74.849998,75.080002,71.139725,676700
1/14/2014,75.5,76.489998,75.279999,76.029999,72.039841,888100
1/15/2014,76.290001,76.739998,75.900002,76.459999,72.447281,875600
1/16/2014,76.400002,76.699997,75.470001,76.099998,72.106171,654500
1/17/2014,75.519997,76.650002,75.519997,75.75,71.774536,799700
1/21/2014,76.480003,77,75.75,76.220001,72.219864,544400
1/22/2014,76.349998,76.970001,76.010002,76.589996,72.570442,622600
1/23/2014,75.959999,76.18,75.389999,75.470001,71.509239,736900
1/24/2014,74.260002,75.5,72.970001,72.970001,69.140434,1097800
1/27/2014,72.959999,74.160004,72.650002,73.669998,69.803688,903300
1/28/2014,73.650002,75.190002,73.650002,74.699997,70.77964,774900
1/29/2014,73.82,74.68,72.919998,73.290001,69.443634,843700
1/30/2014,73.860001,75.379997,73.860001,75.169998,71.224983,641400
1/31/2014,73.709999,75.199997,73.300003,74.580002,70.665932,751400
2/3/2014,74.470001,74.860001,72.610001,72.650002,68.837227,1297000
2/4/2014,73.040001,75,72.57,74.870003,70.940704,1252200
2/5/2014,74.760002,75.099998,73.93,74.550003,70.63752,839500
2/6/2014,74.699997,77.580002,74.620003,76.769997,72.741013,1238400
2/7/2014,84.169998,85.699997,79.720001,80.019997,75.82045,3926400
2/10/2014,80.169998,80.169998,79.089996,79.339996,75.17614,979100
2/11/2014,79.07,79.720001,78.459999,79.5,75.327721,1135700
2/12/2014,79.389999,79.849998,79.25,79.580002,75.403534,1034900
2/13/2014,78.889999,79.669998,78.889999,79.449997,75.280357,952800
2/14/2014,79.309998,79.720001,78.779999,79.529999,75.356171,953100
2/18/2014,79.580002,79.769997,79.029999,79.419998,75.517799,1055500
2/19/2014,79.169998,80.059998,78.959999,79.209999,75.318123,1000200
2/20/2014,79.330002,79.5,78.510002,78.93,75.05188,1306500
2/21/2014,78.739998,79.389999,78.699997,78.800003,74.928284,1066000
2/24/2014,78.75,79.330002,78.400002,78.760002,74.890244,1517000
2/25/2014,78.989998,79.639999,78.209999,78.349998,74.500366,995000
2/26/2014,78.599998,79.169998,78.309998,78.900002,75.023361,1337500
2/27/2014,78.870003,79.18,78.440002,78.889999,75.01384,1102000
2/28/2014,78.800003,79.269997,78.519997,79,75.118439,1429400
3/3/2014,78,79.169998,77.669998,78.660004,74.795158,1332500
3/4/2014,79.339996,81.239998,79.309998,81.139999,77.15329,1520000
3/5/2014,80.970001,82.379997,80.550003,82.010002,77.980545,1370200
3/6/2014,82.120003,82.949997,82.059998,82.849998,78.779282,840500
3/7/2014,82.860001,83.260002,81.989998,82.779999,78.712723,1024000
3/10/2014,82.610001,83.099998,82.110001,83.029999,78.950447,588900
3/11/2014,83.220001,83.510002,82.709999,83.18,79.093063,912500
3/12/2014,82.82,83.620003,81.989998,83.580002,79.473419,1258500
3/13/2014,83.480003,83.580002,79.18,79.459999,75.55584,2326300
3/14/2014,79.309998,80.900002,79.010002,80.690002,76.725403,1581700
3/17/2014,81.529999,82.540001,81.360001,81.68,77.666756,1100900
3/18/2014,81.660004,82.559998,81.18,81.949997,77.923508,932600
3/19/2014,80.029999,82.589996,80.029999,81.68,77.666756,1213600
3/20/2014,80.949997,81.480003,79.239998,80.93,76.953613,1110700
3/21/2014,81.389999,82.760002,81.080002,81.089996,77.105743,1517300
3/24/2014,81.43,81.720001,80.110001,80.290001,76.345055,1201500
3/25/2014,80.660004,80.809998,79.529999,79.739998,75.822083,698300
3/26/2014,80.239998,80.660004,78.669998,78.68,74.814178,774500
3/27/2014,78.18,78.690002,77.379997,77.760002,73.939369,1267100
3/28/2014,78.110001,78.519997,77.120003,77.57,73.75869,887900
3/31/2014,78.279999,79.470001,78.220001,79.32,75.422714,859500
4/1/2014,79.639999,80.860001,79.419998,80.800003,76.830009,850500
4/2/2014,81.639999,83.300003,79.949997,80.279999,76.335548,897600
4/3/2014,80.559998,81.120003,79.919998,80.190002,76.249969,717700
4/4/2014,80.510002,81.519997,79.540001,79.620003,75.707977,1068400
4/7/2014,79.529999,79.860001,77.400002,77.970001,74.139061,1227900
4/8/2014,78.290001,78.75,77.849998,78.330002,74.481369,1126300
4/9/2014,78.349998,79.690002,77.709999,79.68,75.765038,1029900
4/10/2014,79.660004,79.889999,76.599998,76.599998,72.836372,1077000
4/11/2014,75.239998,76.360001,74.360001,74.489998,70.83004,1571500
4/14/2014,75.339996,76.589996,75.290001,75.82,72.094681,2035500
4/15/2014,76.099998,76.849998,74.699997,75.510002,71.799927,1664300
4/16/2014,75.949997,77.660004,75.559998,77.650002,73.834785,1254700
4/17/2014,77.660004,79.440002,77.620003,78.849998,74.9758,944000
4/21/2014,78.529999,79.25,78.440002,78.849998,74.9758,481600
4/22/2014,78.809998,80.080002,78.629997,79.68,75.765038,926000
4/23/2014,79.739998,80.849998,79.57,79.879997,75.955208,971400
4/24/2014,81.510002,81.669998,79.309998,79.650002,75.736511,997500
4/25/2014,79.900002,81.470001,78.870003,79.129997,75.242043,2297100
4/28/2014,79.279999,79.599998,77.690002,78.349998,74.500366,1660200
4/29/2014,78.620003,79.300003,78.269997,78.400002,74.547928,859800
4/30/2014,77.459999,78.849998,77.459999,78.5,74.643013,1177200
5/1/2014,78.309998,78.720001,77.540001,78.260002,74.41481,960300
5/2/2014,78.5,79.129997,78.040001,78.580002,74.719078,461700
5/5/2014,77.870003,80.209999,77.389999,79.739998,75.822083,1237000
5/6/2014,79.599998,82.290001,79.309998,81.32,77.324463,1872400
5/7/2014,81.5,82.059998,80.57,81.980003,77.952026,1284000
5/8/2014,82.010002,83.260002,81.57,81.82,77.799889,1128400
5/9/2014,81.790001,82.860001,81.559998,82.800003,78.731743,759100
5/12/2014,83.199997,83.910004,83.080002,83.860001,79.73967,979000
5/13/2014,83.730003,83.940002,83.139999,83.239998,79.150116,581700
5/14/2014,83.050003,83.599998,82.43,83.080002,78.997971,994800
5/15/2014,82.610001,82.739998,80.529999,81.07,77.086754,2051200
5/16/2014,80.940002,81.610001,80.690002,81.370003,77.64016,1456600
5/19/2014,81.290001,81.949997,81.120003,81.470001,77.735573,1211700
5/20/2014,81.400002,81.690002,80.360001,80.720001,77.019936,776400
5/21/2014,81.160004,81.82,81.089996,81.510002,77.773743,959300
5/22/2014,81.5,82.050003,81.480003,81.889999,78.136314,1032900
5/23/2014,81.82,82.650002,81.440002,82.5,78.718353,1089900
5/27/2014,82.699997,85.879997,82.699997,85.68,81.752586,2310400
5/28/2014,86.010002,86.480003,85.620003,85.959999,82.019737,2168000
5/29/2014,86,86.040001,84.980003,85.089996,81.189613,1641300
5/30/2014,84.989998,85.610001,84.779999,85.540001,81.618996,1449600
6/2/2014,85.540001,86.150002,85.519997,85.800003,81.867088,715200
6/3/2014,85.360001,85.599998,84.959999,85.169998,81.265953,869500
6/4/2014,85.209999,85.809998,85,85.519997,81.599922,598400
6/5/2014,85.580002,86.480003,85.339996,86.32,82.363235,562300
6/6/2014,86.419998,87.470001,86.349998,87,83.012085,679900
6/9/2014,86.970001,87.300003,86.730003,87.290001,83.288788,552400
6/10/2014,86.940002,87.489998,86.690002,86.919998,82.935738,560700
6/11/2014,86.279999,86.75,86.110001,86.610001,82.639961,446900
6/12/2014,85.410004,86.769997,85.410004,85.830002,81.895699,524100
6/13/2014,86,86.010002,85.139999,85.760002,81.828918,434600
6/16/2014,84.480003,85.809998,84.480003,85.519997,81.599922,557100
6/17/2014,85.559998,86.220001,85.260002,85.830002,81.895699,489500
6/18/2014,86.669998,86.669998,85.540001,86.489998,82.525444,477100
6/19/2014,88.410004,89.080002,84.540001,85.699997,81.771667,610300
6/20/2014,84.760002,86.629997,84.760002,86.440002,82.47776,879800
6/23/2014,86.360001,87.059998,85.889999,86.980003,82.992996,607300
6/24/2014,86.580002,87.629997,86.43,86.940002,82.954842,705800
6/25/2014,86.540001,87,86.169998,86.75,82.773537,1191300
6/26/2014,86.669998,87.059998,85.949997,86.989998,83.002533,641000
6/27/2014,86.989998,88.040001,86.989998,87.910004,83.880363,708300
6/30/2014,87.629997,87.980003,86.860001,87.660004,83.64183,1063400
7/1/2014,87.760002,90.199997,87.760002,90.050003,85.922272,833100
7/2/2014,89.769997,90.190002,88.809998,89.040001,84.95858,1167200
7/3/2014,89.519997,90.120003,89.230003,90.019997,85.893646,488300
7/7/2014,89.93,89.949997,88.980003,89.580002,85.473824,624100
7/8/2014,89.190002,89.379997,88.519997,89.059998,84.977646,699200
7/9/2014,88.57,88.949997,87.910004,88.790001,84.720032,527100
7/10/2014,87.589996,88.650002,87.519997,88.5,84.443321,574700
7/11/2014,88.610001,89.400002,88.32,89.18,85.09214,532600
7/14/2014,89.900002,90.190002,89.599998,89.739998,85.626472,584600
7/15/2014,89.599998,90.309998,89.419998,90.139999,86.008148,647000
7/16/2014,90.5,90.709999,89.720001,90.199997,86.065384,494100
7/17/2014,89.870003,90.43,89.050003,89.150002,85.06353,520500
7/18/2014,89.269997,90.559998,89.209999,90.440002,86.294388,462300
7/21/2014,89.82,90.550003,89.290001,90.339996,86.198975,411000
7/22/2014,90.57,91.209999,90.32,91.099998,86.924141,540900
7/23/2014,91.160004,91.760002,90.839996,91.610001,87.410774,550800
7/24/2014,91.75,92.540001,90.809998,92.480003,88.240898,883500
7/25/2014,94.300003,95,90.559998,91.620003,87.420296,1495000
7/28/2014,91.669998,91.769997,90.739998,91,86.828728,905400
7/29/2014,91.43,91.43,89.949997,90.129997,85.998611,1006100
7/30/2014,90.800003,90.800003,89.419998,89.910004,85.788696,1105000
7/31/2014,89.449997,89.660004,86.889999,87,83.012085,1200900
8/1/2014,86.82,88.139999,86.790001,86.989998,83.002533,1866100
8/4/2014,87.150002,88.459999,86.970001,88.199997,84.157059,593800
8/5/2014,87.720001,88.18,86.540001,86.860001,82.878487,647000
8/6/2014,86.57,87.790001,86.5,87.330002,83.326965,574000
8/7/2014,87.800003,87.970001,86.669998,86.93,82.94529,1015200
8/8/2014,87.129997,88.07,86.779999,87.900002,83.870834,945200
8/11/2014,88.389999,89.769997,87.879997,89.309998,85.216179,985700
8/12/2014,89.050003,89.949997,88.959999,89.709999,85.597862,890700
8/13/2014,90,91.199997,89.580002,90.949997,86.781021,765800
8/14/2014,91.199997,91.839996,90.959999,91.699997,87.496635,729700
8/15/2014,91.940002,92.190002,91.099998,91.360001,87.172234,1486900
8/18/2014,91.5,91.93,91.260002,91.300003,87.382782,933100
8/19/2014,91.400002,92.019997,91.059998,91.379997,87.459366,638300
8/20/2014,91.610001,92.199997,91.230003,91.900002,87.957047,463000
8/21/2014,91.989998,92.849998,91.910004,92.550003,88.57917,625600
8/22/2014,92.290001,92.769997,91.870003,91.889999,87.947464,603500
8/25/2014,92.410004,92.68,91.93,92.169998,88.215469,744600
8/26/2014,92.489998,93.339996,92.25,92.809998,88.828003,683600
8/27/2014,92.699997,93.010002,92.230003,92.879997,88.895004,468200
8/28/2014,92.599998,93.099998,92.099998,92.730003,88.751419,449600
8/29/2014,93.239998,93.989998,93.050003,93.57,89.555382,676500
9/2/2014,93.989998,94.489998,93.129997,93.199997,89.201271,782500
9/3/2014,93.980003,94.099998,92.75,93.089996,89.095993,760800
9/4/2014,93.480003,94.639999,92.970001,94.110001,90.072227,727500
9/5/2014,93.980003,95.360001,93.139999,95.220001,91.134598,852800
9/8/2014,95.120003,95.730003,94.739998,95.5,91.402596,721300
9/9/2014,95,95.550003,94.32,94.860001,90.790047,732900
9/10/2014,95.089996,95.959999,94.720001,95.690002,91.58445,640600
9/11/2014,95.360001,96.019997,95.309998,95.779999,91.67057,794500
9/12/2014,95.860001,95.860001,94.669998,95.010002,90.933617,871600
9/15/2014,95,95.059998,93.980003,94.709999,90.646484,837000
9/16/2014,94.599998,96.139999,94.279999,95.57,91.469589,850600
9/17/2014,95.660004,95.760002,94.68,95.349998,91.259018,1400500
9/18/2014,96.010002,96.010002,94.940002,95.25,91.163307,1329800
9/19/2014,95.769997,96.040001,94.510002,94.730003,90.665634,1320400
9/22/2014,94.699997,94.919998,93.830002,94.029999,89.995667,721500
9/23/2014,93.900002,94.489998,93.389999,93.389999,89.383102,778400
9/24/2014,93.370003,94.599998,93.160004,94.410004,90.359367,558400
9/25/2014,94.260002,94.279999,92.379997,92.379997,88.416443,928700
9/26/2014,92.370003,93.980003,91.620003,93.699997,89.67981,694000
9/29/2014,92.550003,94.25,92.389999,94.110001,90.072227,775200
9/30/2014,94.839996,95.040001,93.809998,94.5,90.445488,1131900
10/1/2014,94.779999,94.989998,92.419998,92.610001,88.636574,1804400
10/2/2014,92.529999,92.940002,92.010002,92.43,88.46431,1275300
10/3/2014,92.889999,94.529999,92.879997,93.980003,89.947792,1060800
10/6/2014,94.639999,94.989998,93.849998,94.510002,90.455055,881000
10/7/2014,93.949997,94,92.589996,92.599998,88.627007,1065200
10/8/2014,92.839996,96.5,92.5,96.239998,92.110847,1699600
10/9/2014,96.349998,96.389999,94.25,94.669998,90.608192,1790800
10/10/2014,94.669998,95.330002,91.989998,92.050003,88.100616,2320300
10/13/2014,92.050003,93.419998,91.300003,91.360001,87.440216,1092500
10/14/2014,91.639999,93.059998,91.419998,92.160004,88.205887,761300
10/15/2014,90.580002,91.779999,88.25,91.230003,87.315804,1872800
10/16/2014,89.68,90.949997,89.040001,90.190002,86.320404,1428800
10/17/2014,91.129997,92.379997,90.629997,91.519997,87.593338,1455600
10/20/2014,91.220001,91.760002,90.919998,91.489998,87.564636,1007900
10/21/2014,92.690002,94.379997,92.309998,94.160004,90.120079,1188900
10/22/2014,94.720001,95.300003,93.809998,93.910004,89.880814,917400
10/23/2014,95.239998,95.300003,94.029999,94.550003,90.49334,1245700
10/24/2014,95.099998,97.040001,94.470001,96.940002,92.780815,1550600
10/27/2014,96.610001,97.519997,96.389999,96.730003,92.579803,1405400
10/28/2014,97.300003,98.260002,96.839996,97.889999,93.690041,922700
10/29/2014,97.800003,98,96.970001,97.599998,93.412483,783300
10/30/2014,97.239998,98.559998,96.550003,98.099998,93.891037,733000
10/31/2014,99.529999,99.599998,98.559998,99.230003,94.972565,818000
11/3/2014,99.419998,99.620003,98.709999,99.129997,94.876839,889900
11/4/2014,99.050003,99.360001,98.629997,99.139999,94.886421,919600
11/5/2014,99.879997,99.879997,98.419998,99.370003,95.106537,1365600
11/6/2014,99.349998,99.830002,98.839996,98.989998,94.742844,979900
11/7/2014,99,99.230003,98.559998,98.949997,94.704567,751000
11/10/2014,99.199997,99.989998,98.790001,99.32,95.058678,1345200
11/11/2014,99.639999,99.849998,98.879997,99.309998,95.04911,1083800
11/12/2014,99.029999,100.419998,98.809998,100.080002,95.786079,1120700
11/13/2014,100.25,101.110001,100.18,100.900002,96.570892,1224200
11/14/2014,100.629997,100.940002,100.110001,100.470001,96.15934,723500
11/17/2014,100.379997,100.849998,99.940002,100.550003,96.235924,820000
11/18/2014,100.620003,102.239998,100.300003,101.839996,97.742744,1139400
11/19/2014,101.449997,101.529999,100.239998,100.599998,96.552635,681000
11/20/2014,100.029999,100.699997,99.860001,100.449997,96.408653,624500
11/21/2014,101.550003,101.699997,100.629997,100.940002,96.878952,960400
11/24/2014,101.419998,101.860001,101.019997,101.550003,97.464417,655800
11/25/2014,101.529999,101.75,99.800003,99.870003,95.852005,2335600
11/26/2014,99.800003,101.029999,99.730003,100.169998,96.139938,1550400
11/28/2014,100.720001,101.620003,100.720001,101.010002,96.946144,766700
12/1/2014,100.739998,101.050003,99.139999,99.669998,95.660042,1659000
12/2/2014,99.940002,100.919998,99.199997,100.529999,96.485435,1588500
12/3/2014,100.279999,101.019997,99.949997,100.169998,96.139938,1093800
12/4/2014,99.790001,100.330002,98.769997,98.970001,94.988213,1329600
12/5/2014,98.879997,99.57,98.440002,98.589996,94.623512,1067700
12/8/2014,98.639999,99.25,96.5,97.5,93.577362,2038600
12/9/2014,96.400002,97.5,95.32,96.050003,92.185692,1849100
12/10/2014,96.050003,96.589996,95.089996,95.5,91.657829,2113600
12/11/2014,96.339996,97.080002,95.980003,96.169998,92.300865,1505500
12/12/2014,95.370003,95.860001,93.459999,93.470001,89.70948,1037200
12/15/2014,94.449997,95.010002,92.809998,93.790001,90.016617,1543900
12/16/2014,93.529999,94.300003,92.32,92.379997,88.663345,1153200
12/17/2014,93.830002,96.669998,93.099998,96.669998,92.780754,1883100
12/18/2014,98.010002,98.029999,96.830002,97.75,93.817291,1210500
12/19/2014,98.290001,98.290001,96.279999,97.029999,93.126274,1505700
12/22/2014,96.910004,98.43,96.910004,98.379997,94.421944,842200
12/23/2014,98.580002,98.809998,97.949997,98,94.057243,557000
12/24/2014,97.980003,98.860001,97.629997,98.290001,94.335587,289100
12/26/2014,98.309998,98.989998,97.919998,97.949997,94.009262,399400
12/29/2014,97.529999,98.209999,97.309998,97.559998,93.634933,511000
12/30/2014,97.010002,97.25,96.480003,96.720001,92.828743,690700
12/31/2014,97.190002,97.489998,95.75,95.809998,91.955345,560200
1/2/2015,96.540001,96.93,94.959999,95.889999,92.032127,930500
1/5/2015,95.050003,95.730003,93.629997,94.010002,90.227768,928200
1/6/2015,94.410004,94.760002,92.410004,93.019997,89.277588,960500
1/7/2015,93.989998,94.470001,93.370003,94.440002,90.640472,699600
1/8/2015,94.919998,95.959999,94.919998,95.360001,91.52346,1187500
1/9/2015,95.269997,95.389999,93.629997,93.82,90.04541,774300
1/12/2015,94.139999,94.510002,92.790001,93.010002,89.268005,905600
1/13/2015,93.739998,95.660004,93.57,94.489998,90.688438,1324900
1/14/2015,93.559998,93.900002,92.57,93.739998,89.968636,1272800
1/15/2015,93.919998,94.370003,92.650002,92.669998,88.941689,1461100
1/16/2015,92.370003,94.18,92,94.129997,90.342934,1187300
1/20/2015,94.730003,95.269997,93.050003,94.18,90.390938,1018400
1/21/2015,93.68,94.010002,92.279999,92.720001,88.98967,1034300
1/22/2015,93.25,94.489998,91.949997,94.360001,90.563698,1601500
1/23/2015,93.800003,94.389999,93.400002,93.779999,90.007027,1031100
1/26/2015,93.459999,94.309998,92.230003,94.230003,90.438919,708700
1/27/2015,93.139999,94.32,92.699997,93.559998,89.795868,961600
1/28/2015,94.239998,94.410004,90.519997,90.620003,86.974159,1558300
1/29/2015,90.510002,92.589996,90.330002,92.349998,88.634552,1193000
1/30/2015,91.419998,92.959999,91.199997,91.330002,87.655602,1254400
2/2/2015,90.739998,90.739998,85.5,89.32,85.726456,5025100
2/3/2015,90.209999,92.790001,89.900002,92.690002,88.960884,1903700
2/4/2015,92.419998,93.029999,91.639999,92.220001,88.509789,1358500
2/5/2015,92.480003,93.360001,92.019997,93.269997,89.51754,957400
2/6/2015,96,98.730003,96,98.040001,94.095634,2484600
2/9/2015,97.769997,98.989998,97.440002,97.889999,93.951668,1023100
2/10/2015,98.290001,99.010002,97.199997,98.849998,94.873055,924800
2/11/2015,98.370003,98.93,97.080002,97.300003,93.385406,1117500
2/12/2015,97.779999,98.550003,97.760002,98.209999,94.258789,1327100
2/13/2015,98.089996,98.440002,97.480003,98.220001,94.268379,917100
2/17/2015,97.970001,98.529999,97.790001,98.080002,94.134018,1036700
2/18/2015,97.68,98.800003,97.360001,98.230003,94.605949,988600
2/19/2015,97.739998,98.139999,97.019997,97.099998,93.517647,780700
2/20/2015,96.889999,97.400002,96.089996,97.139999,93.55616,1235700
2/23/2015,96.870003,97.230003,96.440002,96.769997,93.199799,753200
2/24/2015,96.809998,97.269997,96.489998,97.18,93.594688,1378200
2/25/2015,97.449997,97.870003,96.989998,97.559998,93.960655,738800
2/26/2015,97.309998,97.449997,96.389999,96.870003,93.296127,780500
2/27/2015,97,97.610001,96.529999,96.940002,93.363541,1137800
3/2/2015,96.809998,96.980003,96.449997,96.769997,93.199799,1182000
3/3/2015,96.169998,96.5,94.809998,96.139999,92.593048,1134100
3/4/2015,95.550003,96.010002,95.019997,95.07,91.562515,1415300
3/5/2015,95.040001,96.32,95,96.120003,92.573792,1091900
3/6/2015,95.82,96.25,94.349998,94.559998,91.071342,851600
3/9/2015,94.440002,96.610001,94.25,96.43,92.872345,1121800
3/10/2015,95.529999,96.239998,95.050003,95.220001,91.707001,1444300
3/11/2015,95.300003,96.410004,94.970001,96,92.458221,892600
3/12/2015,96.260002,98.330002,96.190002,98.300003,94.67337,1073700
3/13/2015,98.290001,98.669998,96.739998,97.120003,93.536911,1258300
3/16/2015,97.440002,98.190002,97.169998,97.730003,94.124405,1191100
3/17/2015,98.080002,100.800003,98.080002,100.690002,96.975189,1676900
3/18/2015,100.599998,103.099998,99.919998,102.870003,99.07476,1873200
3/19/2015,102.790001,103.389999,101.949997,102.470001,98.689514,1218800
3/20/2015,102.5,104.43,102.5,104.260002,100.413483,2008400
3/23/2015,104.050003,104.580002,103.510002,103.519997,99.700768,956900
3/24/2015,103.190002,103.959999,103.099998,103.290001,99.479263,840400
3/25/2015,103.169998,103.18,101.699997,101.699997,97.947922,931000
3/26/2015,101.699997,102.400002,101.160004,102.089996,98.323524,1077100
3/27/2015,101.800003,102.809998,101.699997,102.489998,98.708786,854000
3/30/2015,103.360001,104.360001,102.830002,104.120003,100.278648,777300
3/31/2015,103.68,104.419998,102.93,103.800003,99.970444,1363700
4/1/2015,102.910004,104.650002,102.440002,104.43,100.577209,967200
4/2/2015,104.150002,105.709999,103.919998,104.699997,100.837242,793500
4/6/2015,103.669998,105.480003,103.419998,104.910004,101.039497,604100
4/7/2015,105.150002,105.480003,104.580002,104.580002,100.72168,454600
4/8/2015,104.93,105.839996,104.529999,105.32,101.434364,586700
4/9/2015,105.059998,106.110001,104.489998,105.849998,101.944801,487400
4/10/2015,105.779999,105.989998,104.699997,105.730003,101.829247,472000
4/13/2015,105.690002,106.169998,105.309998,105.419998,101.53067,586000
4/14/2015,105.410004,105.489998,104.139999,104.910004,101.039497,468000
4/15/2015,104.830002,106.150002,104.620003,105.690002,101.79071,1018000
4/16/2015,105.660004,105.970001,104.940002,105.220001,101.338058,622700
4/17/2015,104.279999,104.720001,103.389999,104.400002,100.548317,756700
4/20/2015,104.830002,106.010002,104.610001,105.870003,101.964081,635800
4/21/2015,106.059998,106.779999,105.690002,105.989998,102.079659,518500
4/22/2015,105.949997,107.440002,105.650002,107.230003,103.273911,687600
4/23/2015,106.779999,107.989998,106.330002,107.760002,103.784348,513600
4/24/2015,107.629997,107.919998,107.099998,107.5,103.533943,426000
4/27/2015,107.540001,108.169998,106.779999,107.339996,103.379845,608900
4/28/2015,107.139999,107.870003,105.980003,107.699997,103.72657,885100
4/29/2015,107.330002,107.919998,106.800003,107.449997,103.485794,815500
4/30/2015,107.300003,107.839996,106.559998,107.519997,103.553207,1473100
5/1/2015,110,110.010002,106.889999,107.220001,103.264259,1429800
5/4/2015,107.720001,108.720001,107.129997,108.400002,104.400749,1215200
5/5/2015,108.330002,108.769997,107.910004,108.239998,104.246643,1020600
5/6/2015,108.360001,109.269997,106.339996,106.629997,102.69603,1077100
5/7/2015,106.459999,107.110001,105.959999,107.010002,103.062004,1002300
5/8/2015,107.970001,108.489998,107.470001,107.879997,103.899925,961500
5/11/2015,107.650002,108.080002,106.629997,106.699997,102.763451,900400
5/12/2015,105.959999,106.760002,104.910004,106.489998,102.561211,1213700
5/13/2015,106.669998,107.730003,106.669998,107.199997,103.244995,1250500
5/14/2015,107.699997,108.910004,107.18,108.730003,104.718552,913100
5/15/2015,109.050003,110.050003,108.739998,109.980003,105.922455,1199000
5/18/2015,109.5,110.220001,109.330002,109.449997,105.738884,675400
5/19/2015,109.68,110.510002,109.629997,110.099998,106.366844,718700
5/20/2015,109.720001,110.410004,109.449997,110.269997,106.531082,829500
5/21/2015,109.940002,110.239998,108.839996,109.889999,106.163956,746300
5/22/2015,109.919998,110.269997,109.449997,110.110001,106.376511,800800
5/26/2015,110.07,110.07,108.349998,108.580002,104.898376,1069900
5/27/2015,108.940002,109.510002,108.25,109.220001,105.516685,673600
5/28/2015,108.589996,109.269997,108.18,108.830002,105.1399,530100
5/29/2015,109.019997,109.400002,107.580002,108.099998,104.434662,1297600
6/1/2015,108.360001,109.089996,107.970001,108.5,104.821106,865200
6/2/2015,108.339996,108.779999,107.510002,108.410004,104.734138,514500
6/3/2015,108.809998,109.75,108.279999,109.190002,105.487701,744400
6/4/2015,108.760002,109.169998,107.5,107.650002,103.999931,622400
6/5/2015,107.860001,108.349998,106.959999,107.150002,103.516869,725900
6/8/2015,106.970001,107.5,105.550003,105.57,101.990456,1188200
6/9/2015,105.650002,106.449997,104.870003,106.010002,102.415527,936300
6/10/2015,106.349998,107.690002,106.110001,107.529999,103.883995,1133200
6/11/2015,107.82,108.769997,107.400002,108.75,105.062607,882700
6/12/2015,108.599998,108.949997,107.879997,108.709999,105.023979,1366100
6/15/2015,107.93,107.970001,107.07,107.949997,104.289726,815400
6/16/2015,107.639999,108.370003,107.5,108.029999,104.367035,638200
6/17/2015,108.400002,108.849998,107.910004,108.419998,104.743805,632400
6/18/2015,108.839996,110.290001,108.290001,110,106.270241,1698800
6/19/2015,109.699997,110.550003,109.099998,110.059998,106.328194,2973300
6/22/2015,110.830002,111.059998,109.959999,110.82,107.062424,703400
6/23/2015,110.75,111.059998,109.959999,110.57,106.820908,552100
6/24/2015,110.199997,111,109.910004,109.949997,106.221924,520500
6/25/2015,110.040001,110.309998,109.230003,109.239998,105.536003,470900
6/26/2015,109.629997,110.599998,109.269997,110.550003,106.80159,735700
6/29/2015,109.540001,109.900002,106.959999,107.169998,103.536201,803700
6/30/2015,108,108.440002,107.139999,107.959999,104.2994,1060000
7/1/2015,108.720001,109.360001,108.150002,108.989998,105.294487,654500
7/2/2015,109.290001,109.309998,108.120003,108.709999,105.023979,566000
7/6/2015,107.860001,109.190002,107.849998,108.449997,104.772781,1024200
7/7/2015,108.760002,109.669998,107.400002,109.459999,105.74855,787300
7/8/2015,108.379997,109.110001,107.690002,108.07,104.405678,871600
7/9/2015,109.330002,110,107.940002,108.379997,104.705154,929800
7/10/2015,109.440002,110.800003,108.709999,110.480003,106.733971,797400
7/13/2015,111.480003,111.699997,110.720001,111.18,107.410233,633100
7/14/2015,111.32,112.480003,110.940002,112.099998,108.299019,483000
7/15/2015,112.050003,112.400002,111.529999,112.330002,108.52124,756200
7/16/2015,112.989998,113.330002,112.699997,112.75,108.926994,853000
7/17/2015,112.720001,112.970001,112.080002,112.739998,108.91732,536200
7/20/2015,112.870003,113.540001,112.379997,112.900002,109.071899,641400
7/21/2015,113.099998,113.870003,112.040001,112.309998,108.5019,880500
7/22/2015,111.900002,112.870003,111.730003,112.370003,108.559883,726700
7/23/2015,112.459999,112.739998,111.230003,111.760002,107.970566,869100
7/24/2015,111.269997,113.440002,111.019997,111.82,108.028526,994400
7/27/2015,111.559998,111.919998,109.830002,110.32,106.579384,1394200
7/28/2015,111.059998,111.059998,109.360001,109.75,106.028709,653900
7/29/2015,109.93,110.5,109.379997,110.330002,106.58905,669100
7/30/2015,110.209999,111.760002,109.730003,111.529999,107.748367,643500
7/31/2015,111.779999,111.93,110.32,110.43,106.685661,729400
8/3/2015,110.660004,110.660004,109.339996,110.620003,106.869202,837800
8/4/2015,110.400002,111.760002,110.400002,111.190002,107.419884,544700
8/5/2015,111.800003,112.580002,111.339996,111.800003,108.009209,732500
8/6/2015,111.870003,111.870003,110.139999,110.309998,106.569725,573000
8/7/2015,110.309998,110.339996,109.279999,109.809998,106.086685,509100
8/10/2015,110.660004,111.739998,110.540001,111.669998,107.883606,630000
8/11/2015,110.830002,111.440002,110.209999,110.540001,106.791924,510200
8/12/2015,109.610001,110.050003,108.010002,109.43,105.719566,881400
8/13/2015,109.660004,110.610001,109.239998,110.18,106.44413,711500
8/14/2015,110.059998,111.5,110.059998,110.809998,107.052773,802200
8/17/2015,110.110001,111.349998,109.529999,111.279999,107.506844,475500
8/18/2015,110.970001,111.690002,110.760002,110.980003,107.545601,397200
8/19/2015,110.760002,111.480003,109.839996,110.599998,107.177353,619300
8/20/2015,109.529999,109.779999,107.540001,107.57,104.241127,788900
8/21/2015,107,107.559998,103.580002,103.629997,100.42305,1258600
8/24/2015,98.330002,103,96,99.470001,96.391785,1831400
8/25/2015,102.199997,104.900002,98.82,98.940002,95.878181,1809600
8/26/2015,100.839996,102.769997,98.839996,102.519997,99.347397,1256800
8/27/2015,103.550003,104.860001,102.760002,104.57,101.333969,1264100
8/28/2015,104.57,104.730003,103.449997,104.389999,101.159538,871400
8/31/2015,103.830002,104.379997,102.260002,102.309998,99.143898,839000
9/1/2015,99.910004,101.059998,98.410004,98.989998,95.926643,1264200
9/2/2015,99.949997,101.18,98.440002,100.559998,97.448051,1084400
9/3/2015,100.839996,102.339996,100.610001,100.940002,97.816299,1020900
9/4/2015,99.589996,101.059998,98.550003,99.199997,96.130135,923300
9/8/2015,101.099998,101.589996,100.010002,101.410004,98.271759,1139400
9/9/2015,102.529999,102.970001,99.93,100.169998,97.070122,676500
9/10/2015,99.860001,101.489998,99.860001,100.82,97.70002,1076800
9/11/2015,100.330002,101.830002,100,101.559998,98.417107,693200
9/14/2015,101.57,101.980003,100.699997,100.919998,97.796913,828500
9/15/2015,101.230003,102.730003,100.989998,102.43,99.260185,795800
9/16/2015,102.43,103.239998,102.160004,102.900002,99.715637,801700
9/17/2015,103.07,103.910004,102,102.309998,99.143898,873100
9/18/2015,99.839996,102.230003,99.839996,100.75,97.632179,1817600
9/21/2015,101.519997,102.639999,100.980003,101.779999,98.63031,599900
9/22/2015,100.410004,101.050003,99.889999,100.629997,97.515884,632600
9/23/2015,100.5,101.559998,99.550003,101.120003,97.99073,492600
9/24/2015,100.099998,100.379997,98.709999,99.940002,96.847244,1112700
9/25/2015,101,101.279999,99.68,100.419998,97.312386,661500
9/28/2015,99.610001,100.040001,96.860001,96.889999,93.891632,2040900
9/29/2015,97.279999,97.75,96.849998,97.529999,94.511826,993300
9/30/2015,98.5,99.010002,96.949997,98.199997,95.161079,1370700
10/1/2015,98.040001,98.760002,96.230003,97.489998,94.473061,1458000
10/2/2015,95.889999,99.190002,95.639999,99.050003,95.984787,1401100
10/5/2015,100.370003,101.959999,99.82,101.080002,97.951965,1368100
10/6/2015,100.610001,101.080002,99.029999,99.099998,96.033234,875700
10/7/2015,99.639999,100.129997,98.190002,99.440002,96.362717,1112600
10/8/2015,99.220001,99.599998,98.07,98.379997,95.335518,1922800
10/9/2015,98.419998,99.379997,98.400002,98.879997,95.820038,896200
10/12/2015,98.910004,99.459999,98.669998,99.040001,95.975098,292500
10/13/2015,98.760002,99.279999,97.980003,98.089996,95.054489,666500
10/14/2015,97.849998,99.139999,97.129997,97.629997,94.608734,782000
10/15/2015,98.589996,100.050003,97.650002,100.040001,96.944138,699900
10/16/2015,100.540001,101,100.010002,100.580002,97.467438,768100
10/19/2015,100.040001,100.589996,99.290001,99.910004,96.818169,807400
10/20/2015,99.650002,100.43,99.639999,100.150002,97.050751,484300
10/21/2015,100.449997,100.459999,97.690002,97.730003,94.705643,656600
10/22/2015,98.089996,99.57,98.07,99.019997,95.955711,799600
10/23/2015,99.739998,100.669998,99.400002,100.5,97.389915,896900
10/26/2015,100.5,101.120003,99.989998,100.970001,97.845375,379700
10/27/2015,100.25,100.980003,99.300003,99.410004,96.333649,588100
10/28/2015,99.690002,100.389999,98.779999,100.389999,97.283318,1146900
10/29/2015,100.139999,101.800003,99.610001,101.529999,98.388039,930200
10/30/2015,98.599998,100.720001,96.110001,96.160004,93.184212,1724500
11/2/2015,95,96.519997,94.199997,96.449997,93.465248,3106900
11/3/2015,96.120003,99.239998,95.870003,99.199997,96.130135,1761100
11/4/2015,99.199997,100.110001,99.169998,99.629997,96.546822,1507500
11/5/2015,100.110001,101.919998,99.389999,101.599998,98.455872,1239300
11/6/2015,102.050003,102.599998,101.199997,102.550003,99.376472,2239300
11/9/2015,102.349998,102.519997,99.870003,100.379997,97.273628,1865300
11/10/2015,99.830002,100.459999,99.330002,100.099998,97.002281,1582300
11/11/2015,100.639999,101.080002,99.919998,100.730003,97.612808,971200
11/12/2015,99.870003,101.110001,99.029999,99.400002,96.323952,2992900
11/13/2015,99.599998,99.599998,96.389999,96.900002,93.901321,2056100
11/16/2015,96.610001,98.139999,96.07,98.089996,95.054489,1309400
11/17/2015,99.300003,102.540001,98.82,101.199997,98.068253,2234800
11/18/2015,101.449997,103.290001,99.139999,103.199997,100.343475,1271400
11/19/2015,103.260002,103.68,102.699997,103.43,100.567116,995300
11/20/2015,103.809998,104.629997,103.400002,104.339996,101.451935,1224400
11/23/2015,104.550003,104.830002,104.050003,104.169998,101.286621,1385500
11/24/2015,103.330002,103.75,102.940002,103.489998,100.625443,970500
11/25/2015,103.730003,103.779999,102.449997,102.879997,100.032341,823500
11/27/2015,103.169998,104.019997,102.739998,103.790001,100.917152,486300
11/30/2015,103.75,104.089996,102.970001,103.120003,100.265686,1188200
12/1/2015,103.489998,103.809998,102.589996,103.440002,100.576836,1165200
12/2/2015,103.599998,103.699997,102.629997,102.900002,100.051788,1055000
12/3/2015,103.129997,103.349998,101.089996,101.360001,98.554413,1980500
12/4/2015,101.690002,104.050003,101.480003,104.019997,101.140778,928100
12/7/2015,103.050003,104.230003,103,104.050003,101.16996,2068800
12/8/2015,102.980003,103.580002,101.370003,101.489998,98.680817,1200800
12/9/2015,100.970001,102.32,99.239998,99.339996,96.590324,1249700
12/10/2015,99.699997,100.260002,99.379997,99.529999,96.775055,670700
12/11/2015,98.25,98.949997,95.220001,95.730003,93.080238,2050000
12/14/2015,96.010002,97,95.370003,96.779999,94.101181,1435600
12/15/2015,97.870003,99.889999,97.190002,98.660004,95.929161,2099400
12/16/2015,99.379997,100.32,98.059998,99.32,96.570869,1517800
12/17/2015,99.580002,100.389999,97.82,97.879997,95.170738,923000
12/18/2015,97.190002,98.160004,96.699997,97.459999,94.76236,1829400
12/21/2015,98.169998,99.580002,98.07,99.209999,96.463928,1266300
12/22/2015,99.529999,99.529999,98,99.029999,96.28891,639700
12/23/2015,99.300003,100.309998,98.93,99.849998,97.086212,576500
12/24/2015,99.400002,100.660004,99.239998,100.110001,97.339005,240200
12/28/2015,99.959999,100.739998,99.459999,100.660004,97.873795,465600
12/29/2015,101.32,101.690002,100.18,101.559998,98.748863,545300
12/30/2015,101.449997,102.129997,101.07,101.110001,98.311333,516700
12/31/2015,100.800003,101.860001,100.32,100.339996,97.562645,596000
1/4/2016,98.440002,98.699997,96.160004,97.220001,94.528999,1688300
1/5/2016,97.510002,99.089996,97.199997,98.57,95.841637,1525200
1/6/2016,96.900002,97.589996,96,96.809998,94.130348,1294200
1/7/2016,94.07,94.610001,92.099998,92.720001,90.153557,2793000
1/8/2016,93.199997,93.610001,89.980003,90.080002,87.586632,2660000
1/11/2016,90.919998,91.32,89.690002,90.860001,88.345047,2065900
1/12/2016,91.809998,91.860001,90.059998,91.169998,88.646469,1938000
1/13/2016,91.720001,91.889999,86.650002,87.110001,84.698845,2799800
1/14/2016,87.610001,88.800003,86.370003,88.120003,85.68087,3387300
1/15/2016,86.019997,86.709999,84.550003,85.989998,83.609848,2836100
1/19/2016,87.139999,87.980003,85.580002,86.43,84.037659,1906500
1/20/2016,84.860001,87.050003,82.089996,86.129997,83.745964,2578600
1/21/2016,86.57,87.610001,85.589996,85.800003,83.42511,1295200
1/22/2016,87.290001,88.459999,86.919998,88.419998,85.972588,1111900
1/25/2016,88.419998,88.93,86.610001,86.75,84.348801,1241600
1/26/2016,86.849998,88.529999,86.639999,88.330002,85.885063,915800
1/27/2016,88.150002,89.519997,87.589996,88.010002,85.573929,2063700
1/28/2016,88.769997,89.099998,86.790001,87.129997,84.718277,1357900
1/29/2016,88.089996,89.25,87.110001,89.139999,86.672661,2451700
2/1/2016,88.870003,89.199997,87.559998,88.010002,85.573929,1302500
2/2/2016,87.059998,87.059998,85.110001,85.629997,83.259804,1428500
2/3/2016,86.18,86.519997,83.209999,85.589996,83.220917,1323500
2/4/2016,85.440002,87.5,85.440002,87.110001,84.698845,2632100
2/5/2016,88.5,88.5,82.269997,83.699997,81.383224,2488800
2/8/2016,81.68,81.75,78.510002,79.379997,77.182808,2781100
2/9/2016,78.449997,80.580002,78.010002,80.029999,77.814812,1636600
2/10/2016,80.919998,82.839996,79.989998,80.07,77.853722,1199200
2/11/2016,78.230003,79.870003,77.760002,78.449997,76.278542,2259200
2/12/2016,79.800003,82.349998,79.260002,82.309998,80.031708,1816200
2/16/2016,83.839996,84.900002,82.32,83.720001,81.402679,1548700
2/17/2016,84.169998,85.93,83.68,85.720001,83.717308,1361000
2/18/2016,85.650002,86.199997,84.639999,85.730003,83.727074,1155300
2/19/2016,85.449997,85.970001,84.68,85.660004,83.658714,1011100
2/22/2016,86.470001,88.220001,86.239998,88.120003,86.061241,1104700
2/23/2016,87.529999,88.629997,86.669998,86.949997,84.918549,1309600
2/24/2016,85.900002,87.099998,83.709999,86.650002,84.625587,1300700
2/25/2016,86.720001,88.669998,86.720001,88.639999,86.569099,1238900
2/26/2016,88.349998,89.379997,88.139999,88.599998,86.530014,915000
2/29/2016,88.18,89.839996,87.949997,88.800003,86.725349,1460000
3/1/2016,89.57,93.230003,89.57,91.540001,89.401329,3205900
3/2/2016,90.879997,92.540001,90.82,92.300003,90.143585,1449900
3/3/2016,91.989998,95.019997,90.910004,94.860001,92.643761,2190000
3/4/2016,94.980003,95.75,94.080002,95.400002,93.171143,1462300
3/7/2016,94.480003,94.809998,93.599998,94.459999,92.253105,1284300
3/8/2016,93.269997,93.620003,92.620003,92.779999,90.61235,1084300
3/9/2016,93.580002,93.620003,92.25,93.059998,90.885818,812000
3/10/2016,93.139999,94.790001,92.239998,93.129997,90.954185,1555300
3/11/2016,93.809998,94.900002,93.610001,94.5,92.292175,1700200
3/14/2016,93.93,94.489998,93.080002,93.68,91.491325,1019300
3/15/2016,93.089996,93.830002,92.559998,93.599998,91.4132,761600
3/16/2016,93,94.940002,92.980003,94.720001,92.507042,634200
3/17/2016,94.739998,98.339996,94.739998,97.5,95.222084,1984800
3/18/2016,97.639999,98.559998,96.809998,97.059998,94.792358,2122600
3/21/2016,96.900002,97,95.410004,95.940002,93.698532,1109100
3/22/2016,94.75,96.459999,94.660004,95.910004,93.669243,1482900
3/23/2016,95.510002,96.239998,94.150002,94.260002,92.057785,1514400
3/24/2016,93.519997,93.519997,91.93,92.949997,90.778389,1804700
3/28/2016,93.150002,93.699997,92.389999,92.980003,90.807686,1077900
3/29/2016,92.889999,95.529999,92.889999,95.519997,93.288345,1008200
3/30/2016,95.860001,96.330002,95.5,95.860001,93.620407,938600
3/31/2016,95.720001,96.779999,95.389999,96.559998,94.304047,1015300
4/1/2016,95.639999,97.790001,95.580002,97.559998,95.280678,1297300
4/4/2016,97.690002,98.110001,96.199997,96.25,94.001282,788200
4/5/2016,94.949997,95.370003,93.589996,93.769997,91.579216,1227100
4/6/2016,93.779999,94.699997,93.25,94.440002,92.233589,1394200
4/7/2016,93.089996,94.419998,92.610001,92.860001,90.690475,1166100
4/8/2016,93.709999,94.580002,92.879997,93.309998,91.129982,733100
4/11/2016,93.800003,95.190002,93.389999,93.970001,91.774567,1139800
4/12/2016,94.300003,95.540001,94.019997,95.32,93.09301,838300
4/13/2016,96.040001,98.43,96.040001,97.959999,95.671341,1162000
4/14/2016,97.860001,98.309998,97.410004,97.989998,95.70063,955400
4/15/2016,97.989998,98.25,97.040001,97.790001,95.505318,825100
4/18/2016,97.540001,98.980003,97.059998,98.639999,96.335449,637500
4/19/2016,99.209999,100.080002,98.940002,99.589996,97.26326,867900
4/20/2016,99.550003,100.970001,99.150002,100.769997,98.41568,1016200
4/21/2016,null,null,null,null,null,null
4/22/2016,98.879997,99.849998,98.5,98.779999,96.472183,1374200
4/25/2016,98.699997,99.349998,98.419998,98.879997,96.569847,913700
4/26/2016,98.339996,99.910004,98,99.690002,97.360924,787100
4/27/2016,99.099998,100.129997,98.879997,99.800003,97.468353,667600
4/28/2016,99.540001,100.82,98.82,99.099998,96.784714,1010900
4/29/2016,95.800003,95.889999,92.120003,95.720001,93.483665,4467300
5/2/2016,95.790001,96.400002,94.599998,96.010002,93.766899,1202600
5/3/2016,95.25,95.760002,93.82,94.57,92.360535,1172500
5/4/2016,93.75,94.150002,92.900002,93.669998,91.48156,1368800
5/5/2016,93.800003,94.419998,93.139999,93.290001,91.110458,851200
5/6/2016,93,94.839996,93,94.459999,92.253105,992200
5/9/2016,94.510002,94.900002,94.040001,94.660004,92.448441,902900
5/10/2016,94.980003,96.410004,94.559998,96.290001,94.040352,860900
5/11/2016,95.860001,96.519997,94.879997,94.900002,92.682831,1055500
5/12/2016,95.550003,95.970001,93.900002,94.739998,92.526558,1368300
5/13/2016,94.540001,95.25,93.419998,93.82,91.628067,930200
5/16/2016,94,95.25,93.779999,94.769997,92.555862,795800
5/17/2016,94.290001,95.010002,93.540001,93.699997,91.510872,890200
5/18/2016,93.370003,94.919998,92.959999,94.160004,92.324684,2156100
5/19/2016,93.959999,94.089996,92.400002,93.07,91.255928,1071300
5/20/2016,93.610001,94.290001,93.5,93.830002,92.001114,832800
5/23/2016,93.800003,94.18,93.25,93.709999,91.883469,1084300
5/24/2016,94.559998,98.040001,94.43,97.800003,95.893738,1274400
5/25/2016,98.019997,98.610001,97.940002,98.120003,96.207504,885700
5/26/2016,98,98.220001,97.32,97.559998,95.658417,488600
5/27/2016,97.870003,98.739998,97.870003,98.730003,96.805611,486100
5/31/2016,99.199997,99.339996,98.260002,98.639999,96.717361,809200
6/1/2016,98.639999,98.949997,97.68,98.860001,96.933083,712800
6/2/2016,98.720001,99.589996,98.349998,99.589996,97.648849,971300
6/3/2016,98.660004,98.940002,97.790001,98.760002,96.835022,904900
6/6/2016,98.809998,101.360001,98.809998,101,99.031372,1383800
6/7/2016,101.300003,101.470001,100.169998,100.190002,98.237144,593900
6/8/2016,100.120003,101.25,99.610001,101.07,99.099998,718800
6/9/2016,100.470001,101.209999,100.129997,101.07,99.099998,519800
6/10/2016,99.970001,100.139999,98.889999,99.440002,97.501785,1210600
6/13/2016,99,99.489998,98.309998,98.32,96.403603,1589300
6/14/2016,97.900002,98.580002,97.480003,98.239998,96.325157,1138000
6/15/2016,98.639999,99.5,98.139999,98.349998,96.433014,1384500
6/16/2016,97.480003,97.480003,96.25,96.970001,95.079918,2692500
6/17/2016,96.980003,98.669998,96.580002,96.690002,94.805374,1582100
6/20/2016,98.260002,99.760002,98.220001,98.650002,96.727173,851800
6/21/2016,98.900002,99.230003,98.110001,98.470001,96.550682,878900
6/22/2016,98.800003,99.080002,98.199997,98.260002,96.344772,635100
6/23/2016,99.620003,101.699997,99.379997,101.699997,99.71772,718600
6/24/2016,96.839996,97.489998,93.57,93.660004,91.834435,3749700
6/27/2016,93.660004,93.660004,87.300003,87.879997,86.167099,3520000
6/28/2016,89.269997,89.540001,88.190002,89.099998,87.363312,1714700
6/29/2016,90,91.68,89.309998,91.580002,89.794983,1399700
6/30/2016,91.940002,93.720001,91.32,93.709999,91.883469,1656300
7/1/2016,93.5,95,93.360001,94.080002,92.246239,994300
7/5/2016,93.43,93.610001,91.870003,92.580002,90.77549,947000
7/6/2016,92.25,93.150002,90.980003,92.970001,91.157883,1300800
7/7/2016,93.330002,94.940002,93.330002,94.230003,92.393326,966000
7/8/2016,95.470001,97.050003,94.940002,96.730003,94.844604,1007400
7/11/2016,97.120003,98.260002,97.040001,97.849998,95.942757,778900
7/12/2016,98.199997,100.550003,97.980003,100.169998,98.217545,965900
7/13/2016,100,101.849998,99.779999,101.720001,99.737328,1353600
7/14/2016,102.760002,103.790001,102.25,103.010002,101.00219,1350000
7/15/2016,103.379997,103.910004,102.870003,103.339996,101.32576,793600
7/18/2016,103.400002,104.120003,102.980003,103.959999,101.933662,547000
7/19/2016,103.440002,103.989998,102.989998,103.589996,101.570877,702600
7/20/2016,104,104.440002,103.120003,104.230003,102.198418,772300
7/21/2016,103.919998,104.419998,103.709999,104.309998,102.276848,1000900
7/22/2016,103.970001,105.5,101.709999,105.290001,103.237747,1343000
7/25/2016,105.349998,105.910004,105.120003,105.699997,103.639748,911200
7/26/2016,105.699997,106.540001,104.790001,106.190002,104.120209,1359600
7/27/2016,106.260002,106.57,105.010002,105.120003,103.07106,1114300
7/28/2016,104.449997,106.580002,104.449997,106.18,104.110397,698800
7/29/2016,106.080002,106.580002,105.330002,106.010002,103.94371,775900
8/1/2016,106.139999,106.489998,104.879997,105.269997,103.218132,927200
8/2/2016,105,105.300003,103.480003,104.190002,102.159187,1113700
8/3/2016,104.260002,104.68,103.800003,104.589996,102.551392,684000
8/4/2016,104.709999,105.029999,103.690002,103.910004,101.884651,831700
8/5/2016,104.510002,105.129997,104.410004,105.050003,103.002419,989400
8/8/2016,104.760002,105.150002,104.330002,104.5,102.463158,461500
8/9/2016,104.480003,105.029999,104.059998,104.239998,102.208214,438400
8/10/2016,104.5,104.699997,103.449997,103.709999,101.68853,547600
8/11/2016,104.209999,105,104.150002,104.510002,102.472946,603400
8/12/2016,103.900002,104.389999,102.870003,103.459999,101.44342,1233700
8/15/2016,103.919998,105.470001,103.900002,105.07,103.022034,633400
8/16/2016,104.5,104.580002,104.07,104.110001,102.08075,467800
8/17/2016,104.120003,104.360001,103.599998,104.150002,102.119965,520800
8/18/2016,103.970001,104.260002,103.739998,104.230003,102.562767,388300
8/19/2016,103.690002,104.809998,103.610001,104.580002,102.907173,490500
8/22/2016,104.279999,104.800003,103.790001,104.5,102.828438,414800
8/23/2016,105.059998,106.279999,105.059998,105.629997,103.940376,579200
8/24/2016,105.480003,106.150002,105.309998,105.559998,103.87149,592700
8/25/2016,105.209999,106.019997,104.889999,105.699997,104.009247,687900
8/26/2016,106.010002,106.860001,105.389999,106.220001,104.520935,518300
8/29/2016,106.360001,107.43,106.360001,107.160004,105.445908,508400
8/30/2016,107.400002,108.699997,107.139999,108.239998,106.508621,757200
8/31/2016,108.169998,108.980003,107.440002,108.690002,106.951431,927300
9/1/2016,108.699997,108.980003,107.349998,108.550003,106.813675,668000
9/2/2016,109.139999,109.580002,108.809998,109.43,107.679581,546800
9/6/2016,109.379997,110.339996,109.209999,110.089996,108.329033,898500
9/7/2016,109.68,110.830002,109.589996,110.150002,108.388069,1418100
9/8/2016,110.099998,110.660004,109.519997,109.940002,108.181435,646100
9/9/2016,109.199997,109.540001,106.620003,106.620003,104.914543,918600
9/12/2016,105.669998,108.800003,105.410004,108.610001,106.872711,1061600
9/13/2016,107.190002,107.910004,106.5,107.32,105.60334,903000
9/14/2016,107.32,108.110001,106.970001,107.32,105.60334,563100
9/15/2016,106.980003,108.949997,106.779999,108.699997,106.961273,924600
9/16/2016,108.089996,108.690002,107.059998,108.480003,106.744789,1120700
9/19/2016,108.379997,109.849998,108.059998,108.480003,106.744789,570100
9/20/2016,109.290001,109.699997,107.68,107.949997,106.223267,1074500
9/21/2016,108.949997,109.599998,107.959999,109.459999,107.709114,954600
9/22/2016,110.489998,110.529999,109.870003,110.160004,108.397919,634600
9/23/2016,109.779999,110,109.18,109.269997,107.522148,770900
9/26/2016,108.800003,109.830002,106.209999,108.989998,107.246628,877100
9/27/2016,108.639999,110.029999,108.389999,109.989998,108.230637,1054600
9/28/2016,110.099998,110.160004,108.239998,109.57,107.817352,1040200
9/29/2016,109.529999,110.449997,107.459999,107.75,106.026459,1475300
9/30/2016,108.370003,109.029999,108.089996,108.279999,106.547981,1672300
10/3/2016,107.919998,109.470001,107.300003,109.279999,107.531982,1455600
10/4/2016,109.660004,110,107.919998,108.379997,106.646385,722300
10/5/2016,108.459999,109.5,108.459999,108.489998,106.754616,718600
10/6/2016,108.239998,108.919998,107.699997,108.860001,107.118698,580100
10/7/2016,108.93,108.949997,107.849998,108.260002,106.528305,514800
10/10/2016,109.330002,109.980003,109.050003,109.150002,107.404068,428300
10/11/2016,109,109,106.949997,107.580002,105.859184,632500
10/12/2016,107.699997,108.519997,107.510002,108.260002,106.528305,553300
10/13/2016,106.879997,107.25,105.830002,106.610001,104.904694,938500
10/14/2016,107.839996,108.309998,106.959999,107.080002,105.367188,692500
10/17/2016,106.959999,107.379997,106.5,106.699997,104.993256,657700
10/18/2016,107.870003,108.279999,106.959999,107.800003,106.075668,1248100
10/19/2016,108.209999,108.75,107.540001,108.400002,106.666061,744100
10/20/2016,108.230003,108.989998,107.860001,108.089996,106.361031,1401100
10/21/2016,104.610001,105.809998,101.940002,102.239998,100.604607,3985100
10/24/2016,102.980003,103.510002,102.650002,102.839996,101.194992,1619000
10/25/2016,102.919998,103.580002,102.540001,102.769997,101.126122,1017100
10/26/2016,102.449997,103.169998,101.629997,102.129997,100.496361,1271800
10/27/2016,102.690002,103.190002,101.959999,102.160004,100.525887,1350400
10/28/2016,102.559998,102.870003,100.790001,101.169998,99.551712,816600
10/31/2016,101.349998,101.669998,100.410004,100.519997,98.912109,1216100
11/1/2016,101.019997,101.120003,98.620003,99.040001,97.455788,1467700
11/2/2016,99.040001,99.360001,97.849998,97.959999,96.393051,755200
11/3/2016,98.110001,98.82,97.730003,98.059998,96.491455,1556100
11/4/2016,98.330002,98.669998,97.580002,97.610001,96.04866,1253600
11/7/2016,99.68,100,99.040001,99.580002,97.987144,888300
11/8/2016,99.550003,100.379997,98.870003,99.68,98.085541,743600
11/9/2016,99.669998,101.449997,98.730003,100.669998,99.059715,1792700
11/10/2016,101.389999,102.660004,99.199997,100.269997,98.6661,1142800
11/11/2016,99.690002,100.650002,99.690002,100.440002,98.833397,818400
11/14/2016,100.919998,101.18,99.559998,100.059998,98.459473,1217800
11/15/2016,99.730003,99.970001,98.529999,99.290001,97.70179,1013200
11/16/2016,98.650002,99.120003,98.099998,98.68,97.10154,1133800
11/17/2016,98.449997,101.199997,98.32,101.199997,99.956017,1307700
11/18/2016,100.970001,101.470001,99.75,100.559998,99.323883,1029300
11/21/2016,100.900002,101.25,100.629997,101.129997,99.886879,545100
11/22/2016,101.209999,101.82,100.510002,101.660004,100.410362,673400
11/23/2016,101.230003,101.959999,100.360001,100.860001,99.620201,556200
11/25/2016,100.870003,101.57,100.870003,101.019997,99.778221,307300
11/28/2016,100.489998,101.550003,100.349998,100.889999,99.649826,862700
11/29/2016,101.040001,101.5,100.309998,101.089996,99.847374,714500
11/30/2016,101.650002,102.059998,100.459999,100.5,99.264626,861800
12/1/2016,100.68,101.129997,97.010002,97.25,96.054573,1266200
12/2/2016,97.120003,97.980003,96.220001,97.620003,96.420029,1053700
12/5/2016,98.389999,98.75,96.699997,96.830002,95.639732,1270200
12/6/2016,97.290001,97.449997,96.080002,96.910004,95.718758,1286900
12/7/2016,97.18,98.440002,96.43,97.900002,96.696579,2022200
12/8/2016,97.800003,98.620003,97.279999,98.07,96.864494,1149500
12/9/2016,97.989998,100.190002,97.739998,99.769997,98.543594,956000
12/12/2016,99.309998,99.709999,98.099998,98.269997,97.062035,819100
12/13/2016,98.389999,99.730003,97.029999,99.5,98.276917,675000
12/14/2016,99.190002,100.269997,97.25,97.449997,96.252113,810800
12/15/2016,97.790001,98.510002,96.639999,96.760002,95.570602,1284200
12/16/2016,96.900002,97.260002,96.309998,96.470001,95.284164,1606800
12/19/2016,96.470001,97.029999,95.110001,95.919998,94.740921,1211700
12/20/2016,96.669998,96.959999,96.269997,96.75,95.560722,635700
12/21/2016,96.57,97.07,96.129997,96.489998,95.303909,750500
12/22/2016,96.449997,96.669998,95.449997,95.860001,94.681656,854200
12/23/2016,95.839996,96.349998,95.370003,95.419998,94.24707,644100
12/27/2016,95.809998,95.940002,95.400002,95.699997,94.523621,369100
12/28/2016,95.75,96.029999,94.650002,94.690002,93.526047,609300
12/29/2016,94.800003,95.110001,94.260002,94.290001,93.130959,535500
12/30/2016,94.639999,94.690002,93.849998,94.269997,93.111191,519500
1/3/2017,95.010002,96.629997,94.75,95.470001,94.296455,1180900
1/4/2017,95.550003,97.239998,95.339996,97.089996,95.896538,859900
1/5/2017,96.800003,97.959999,96.699997,97.860001,96.657082,1274500
1/6/2017,98.019997,98.760002,97.959999,98.300003,97.091675,1065100
1/9/2017,97.970001,98.330002,96.82,96.860001,95.669365,682000
1/10/2017,94.519997,95.5,93.510002,94.669998,93.506294,1423000
1/11/2017,94.43,95.379997,94.300003,95.019997,93.851982,1121400
1/12/2017,94.519997,97.190002,93.870003,96.5,95.313797,1472600
1/13/2017,96.870003,98.019997,96.699997,96.959999,95.768135,847500
1/17/2017,97.099998,100.75,96.980003,99.150002,97.931221,1926800
1/18/2017,99.629997,99.690002,97.889999,99.330002,98.109001,1242400
1/19/2017,99.059998,100.279999,99.059998,99.959999,98.731255,1755300
1/20/2017,100.419998,101.169998,100.129997,101.019997,99.778221,1491500
1/23/2017,100.769997,101.860001,100.660004,101.769997,100.519005,1322600
1/24/2017,101.93,102.449997,101.260002,101.949997,100.6968,1039200
1/25/2017,102.790001,103.980003,102.260002,103.730003,102.454926,1333900
1/26/2017,103.620003,104.629997,103.620003,104.07,102.790741,1355500
1/27/2017,104.120003,104.25,103.559998,103.980003,102.701859,790200
1/30/2017,103.989998,103.989998,103.129997,103.760002,102.48455,1075200
1/31/2017,103.510002,103.790001,102.959999,103.669998,102.39566,1046700
2/1/2017,103.959999,104.129997,103.029999,103.550003,102.27713,1351600
2/2/2017,98.25,104.580002,98.25,104.419998,103.136436,798800
2/3/2017,104.989998,106.629997,104.919998,106.169998,104.864922,1061800
2/6/2017,105.550003,106.989998,105.550003,106.760002,105.44767,1033400
2/7/2017,107.860001,109.57,106.919998,107.059998,105.743988,1847700
2/8/2017,107.150002,107.459999,106.480003,106.82,105.506935,995400
2/9/2017,107.389999,107.650002,106.669998,107.580002,106.257599,782400
2/10/2017,107.5,108.309998,107.269997,108,106.672432,693200
2/13/2017,108.660004,109.169998,108.220001,109.029999,107.689774,580000
2/14/2017,108.239998,109.260002,108.120003,109.260002,107.916939,739900
2/15/2017,109.029999,110.040001,109,109.849998,108.878357,661400
2/16/2017,109.93,110.360001,109.269997,110.220001,109.245087,1031300
2/17/2017,109.639999,112.980003,109.550003,112.900002,111.90139,2024100
2/21/2017,112.139999,113.139999,111.589996,112.870003,111.871651,1870700
2/22/2017,112.43,114.029999,112.43,113.559998,112.555542,1477000
2/23/2017,113.739998,114.019997,112.660004,113.230003,112.22847,1117500
2/24/2017,112.769997,113.290001,111.150002,113.290001,112.287933,923800
2/27/2017,113.290001,113.290001,110.769997,112.050003,111.058907,1958400
2/28/2017,111.910004,112.309998,111.019997,111.370003,110.384918,1387400
3/1/2017,112.650002,113.510002,112.309998,113.199997,112.198723,1208100
3/2/2017,112.599998,112.779999,111.93,112.470001,111.475189,870400
3/3/2017,112.470001,112.889999,112.160004,112.620003,111.623863,814900
3/6/2017,111.779999,112.709999,111.620003,112.269997,111.276947,733200
3/7/2017,111.879997,113,111.879997,112.660004,111.663506,737700
3/8/2017,112.760002,113.150002,112.330002,112.68,111.683334,938200
3/9/2017,112.989998,113,112.129997,112.480003,111.485107,865000
3/10/2017,112.82,112.940002,111.830002,111.93,110.939964,1010900
3/13/2017,112.07,112.5,111.449997,112.150002,111.15802,961800
3/14/2017,112,112.339996,111.43,112.110001,111.11837,605900
3/15/2017,112.709999,113.300003,111.959999,112.889999,111.891472,846800
3/16/2017,113.010002,113.800003,112.949997,113.540001,112.535721,765200
3/17/2017,113.610001,113.75,111.919998,111.940002,110.949883,967000
3/20/2017,111.900002,113.059998,111.660004,112.260002,111.267052,647200
3/21/2017,112.849998,113.110001,110.559998,110.879997,109.899246,838500
3/22/2017,110.839996,111.230003,110.110001,111.129997,110.147041,1059000
3/23/2017,111.169998,112.949997,111.040001,112.169998,111.177841,972400
3/24/2017,112.43,113.480003,112.059998,112.470001,111.475189,907200
3/27/2017,111.059998,112.120003,110.809998,111.410004,110.424568,654600
3/28/2017,111.300003,111.739998,110.879997,111.260002,110.275894,915900
3/29/2017,110.910004,111.699997,110.279999,111.449997,110.464211,1067900
3/30/2017,111.389999,111.919998,110.839996,111.620003,110.632713,857600
3/31/2017,111.160004,112.699997,110.93,112.040001,111.048996,888700
4/3/2017,112.139999,113.169998,110.93,111.900002,110.910233,1030900
4/4/2017,111.519997,111.75,110.82,111.379997,110.394821,659600
4/5/2017,111.949997,114.07,111.5,113.07,112.069885,1514900
4/6/2017,112.919998,113.68,111.989998,113.339996,112.337494,936500
4/7/2017,112.900002,113.980003,112.900002,113.279999,112.278023,873000
4/10/2017,113.290001,113.489998,112.580002,112.940002,111.941032,589500
4/11/2017,112.550003,113.389999,112.470001,113.379997,112.377136,672600
4/12/2017,112.639999,113.339996,111.940002,112.980003,111.980675,748700
4/13/2017,112.699997,113.550003,112.410004,112.43,111.435539,515000
4/17/2017,113.139999,114.419998,112.849998,114.269997,113.25927,709500
4/18/2017,113.870003,114.75,113.290001,114.139999,113.130417,677700
4/19/2017,114.43,114.900002,114.150002,114.379997,113.368294,556500
4/20/2017,114.709999,115.910004,114.470001,115.360001,114.339622,563600
4/21/2017,115.389999,115.82,114.279999,115.019997,114.002632,682100
4/24/2017,116.610001,118.120003,116.449997,117.699997,116.65892,1097000
4/25/2017,116.760002,118.879997,116.57,118.07,117.025658,823500
4/26/2017,117.970001,119.089996,117.970001,118.75,117.699638,567500
4/27/2017,119,119.669998,118.82,119.43,118.373627,416900
4/28/2017,119.260002,119.330002,118.220001,118.32,117.273445,668100
5/1/2017,118.309998,119.169998,117.540001,117.900002,116.857162,802200
5/2/2017,118.029999,119.279999,117.800003,118.849998,117.798759,872300
5/3/2017,118.739998,118.830002,118.040001,118.650002,117.600525,614500
5/4/2017,118.790001,119.870003,118.5,119.400002,118.343887,1205100
5/5/2017,119.889999,119.989998,116.540001,118.230003,117.184242,1168400
5/8/2017,118.019997,118.089996,116.309998,116.68,115.647949,762000
5/9/2017,116.75,117.410004,116.519997,116.709999,115.677681,730100
5/10/2017,116.459999,117.519997,115.529999,116.610001,115.578575,594200
5/11/2017,116.220001,116.589996,114.620003,115.57,114.547768,786800
5/12/2017,115.480003,115.989998,114.239998,114.769997,113.754837,773600
5/15/2017,114.5,116.870003,113.959999,116.110001,115.082993,1168800
5/16/2017,116.110001,116.339996,114.809998,115.230003,114.210777,981600
5/17/2017,115.230003,115.230003,112.550003,112.949997,111.950943,1178200
5/18/2017,112.959999,113.980003,112.800003,113.389999,112.766434,909600
5/19/2017,113.620003,115.150002,113.349998,114.75,114.118958,739300
5/22/2017,114.980003,115.580002,114.699997,114.970001,114.337746,541900
5/23/2017,115.010002,115.190002,114.480003,114.889999,114.258179,386700
5/24/2017,115.07,115.769997,114.889999,115.050003,114.417305,762600
5/25/2017,115.650002,116.910004,115.300003,116.540001,115.899109,590500
5/26/2017,116.540001,117.230003,116.25,117.110001,116.465973,448600
5/30/2017,116.900002,117.459999,116.519997,116.760002,116.117897,565500
5/31/2017,117,118.510002,116.300003,118.449997,117.798607,1040000
6/1/2017,118.57,119,117.43,119,118.345581,698000
6/2/2017,119.050003,119.440002,118.209999,118.82,118.166573,595300
6/5/2017,118.919998,119.449997,118.620003,118.860001,118.206352,509600
6/6/2017,118.339996,118.370003,117.400002,117.769997,117.122345,712900
6/7/2017,117.980003,118.110001,117.080002,117.669998,117.022896,676500
6/8/2017,117.669998,118.040001,117.220001,117.379997,116.734489,747600
6/9/2017,117.610001,118.089996,116.07,116.82,116.177567,545800
6/12/2017,116.550003,117.220001,115.589996,117.190002,116.54554,588600
6/13/2017,117.199997,119.199997,117.040001,118.919998,118.266022,701600
6/14/2017,118.739998,120.82,118.730003,120.010002,119.350029,736900
6/15/2017,119.489998,121.120003,119.220001,121.080002,120.414146,517700
6/16/2017,121.32,122.540001,121.139999,122.25,121.577705,1160000
6/19/2017,122.32,122.989998,121.260002,122.18,121.508095,863400
6/20/2017,122.120003,122.5,121.190002,121.190002,120.523544,547800
6/21/2017,121.25,121.25,118.599998,118.940002,118.285912,892900
6/22/2017,118.769997,119.440002,118.330002,118.720001,118.067116,722100
6/23/2017,118.739998,120.669998,118.620003,120.059998,119.39975,1298400
6/26/2017,120.889999,121.519997,120.440002,120.620003,119.95668,609500
6/27/2017,120.589996,121.260002,119.779999,120.419998,119.757767,548300
6/28/2017,121.25,122.489998,120.440002,122.220001,121.547874,579400
6/29/2017,122.550003,122.699997,120.900002,121.370003,120.702553,786700
6/30/2017,121.639999,122.199997,121.290001,121.68,121.010841,628600
7/3/2017,122.07,122.849998,121.660004,122.019997,121.348969,399200
7/5/2017,122.25,124.400002,121.529999,123.980003,123.298203,819900
7/6/2017,123.489998,123.650002,122.050003,122.169998,121.498146,714800
7/7/2017,122.510002,123.68,122.269997,123.419998,122.741272,598500
7/10/2017,123.089996,123.440002,122.529999,123.029999,122.353416,515700
7/11/2017,123.18,123.459999,122.059998,122.610001,121.93573,586800
7/12/2017,123.18,124.720001,123.120003,124.279999,123.596542,480800
7/13/2017,124.510002,124.849998,123.089996,124.68,123.994347,820500
7/14/2017,124.519997,125.589996,123.940002,125.099998,124.412033,403000
7/17/2017,124.800003,125.580002,124.389999,125.370003,124.680557,492900
7/18/2017,124.900002,125.989998,124.620003,125.849998,125.157906,663100
7/19/2017,126.059998,126.629997,125.07,126.599998,125.903778,845600
7/20/2017,126.610001,127.650002,126.07,127.169998,126.47065,1248500
7/21/2017,130.5,133.619995,130.149994,132.570007,131.840958,2559400
7/24/2017,133.149994,135.199997,133.029999,133.570007,132.835464,1630700
7/25/2017,134.710007,134.889999,132.330002,132.75,132.019974,1016500
7/26/2017,132.789993,133.839996,132.740005,133.279999,132.547043,661400
7/27/2017,133.589996,133.589996,130.630005,131.889999,131.164688,799300
7/28/2017,131.889999,132.449997,131.199997,132.210007,131.482941,677400
7/31/2017,132.720001,132.880005,131.440002,131.630005,130.906128,894200
8/1/2017,131.759995,132.509995,131.470001,131.589996,130.866333,1082600
8/2/2017,131.309998,131.479996,128.509995,129.369995,128.658554,1200800
8/3/2017,129.460007,129.729996,128.070007,128.720001,128.012131,1273300
8/4/2017,129.110001,129.589996,128.300003,129.289993,128.578979,878000
8/7/2017,129.740005,129.770004,128.589996,129.070007,128.360199,772800
8/8/2017,128.660004,128.880005,127.349998,127.699997,126.997734,817400
8/9/2017,127.050003,128.059998,126.279999,128.020004,127.315979,1401100
8/10/2017,127.480003,128.860001,126.860001,126.910004,126.21209,719700
8/11/2017,127.480003,129,127.43,127.760002,127.057411,1159500
8/14/2017,128.649994,130.75,128.169998,130.529999,129.812164,1213600
8/15/2017,130.929993,132.369995,130.639999,132.199997,131.472992,827100
8/16/2017,132.529999,133.160004,131.690002,132.089996,131.363602,732000
8/17/2017,131.220001,132.779999,130.179993,130.220001,129.503876,971900
8/18/2017,130.089996,130.860001,129.029999,130.490005,130.152206,1479100
8/21/2017,130.470001,131.309998,130.009995,130.809998,130.471359,655000
8/22/2017,131.119995,132.850006,131.119995,132.580002,132.236786,555200
8/23/2017,131.929993,132.380005,131.309998,132.020004,131.678238,422700
8/24/2017,132.529999,132.970001,131.470001,132.199997,131.857758,430600
8/25/2017,132.830002,133.110001,132.240005,132.389999,132.047272,597500
8/28/2017,132.5,132.740005,132,132.679993,132.336517,410800
8/29/2017,131.990005,133.240005,131.669998,133.029999,132.685623,455100
8/30/2017,132.970001,134.449997,132.410004,134.440002,134.091965,467400
8/31/2017,134.729996,135.039993,133.580002,134.029999,133.683029,1020000
9/1/2017,134.639999,134.679993,133.429993,133.759995,133.413727,672600
9/5/2017,133.100006,133.589996,132.279999,133.059998,132.715546,879200
9/6/2017,133.800003,134.740005,133.330002,134.240005,133.892487,750200
9/7/2017,134.190002,134.529999,133.729996,134.220001,133.872543,492600
9/8/2017,134.25,135.759995,133.850006,135.350006,134.999619,427300
9/11/2017,136.479996,136.789993,135.350006,135.720001,135.368652,1097800
9/12/2017,135.949997,136.190002,134.820007,136.160004,135.807526,388900
9/13/2017,136.190002,136.509995,135.210007,135.369995,135.019562,488900
9/14/2017,135.169998,135.839996,134.419998,134.960007,134.610626,523300
9/15/2017,135.009995,136.820007,134.940002,136.330002,135.977081,936900
9/18/2017,136.419998,136.990005,136.039993,136.759995,136.40596,523800
9/19/2017,137.169998,137.229996,136.520004,136.740005,136.386017,480700
9/20/2017,136.800003,137.320007,135.710007,136.770004,136.415939,633700
9/21/2017,136.610001,136.929993,135.820007,136.649994,136.296234,421200
9/22/2017,136.809998,138.279999,136.809998,138.029999,137.672668,704300
9/25/2017,138.199997,139.029999,136.820007,138.779999,138.420731,1075600
9/26/2017,138.740005,138.929993,137.770004,138.350006,137.991852,556200
9/27/2017,139.119995,139.940002,138.350006,138.710007,138.350922,581600
9/28/2017,138.5,138.639999,137.679993,138.610001,138.251175,459800
9/29/2017,138.410004,139.300003,138.050003,139.210007,138.849625,623700
10/2/2017,139.520004,140.270004,139.330002,140.210007,139.847031,868200
10/3/2017,140.009995,141.279999,139.5,141,140.634979,554800
10/4/2017,141,141.75,140.660004,141.710007,141.343155,634200
10/5/2017,141.880005,142.679993,141.350006,142.100006,141.732147,607600
10/6/2017,142.429993,143.979996,142.160004,142.490005,142.12114,819800
10/9/2017,142.440002,142.830002,141.460007,141.949997,141.58252,547600
10/10/2017,142.270004,142.630005,141.639999,142.139999,141.772034,562200
10/11/2017,142.220001,142.800003,141.830002,142.550003,142.180984,536400
10/12/2017,142.339996,143.929993,142.029999,143.929993,143.557388,739700
10/13/2017,144.059998,144.809998,143.779999,144.240005,143.866608,703900
10/16/2017,144.300003,144.839996,143.770004,144.75,144.375275,492400
10/17/2017,144.830002,144.839996,143.350006,144.130005,143.756882,503200
10/18/2017,144.440002,145.830002,144.190002,145.199997,144.824112,619000
10/19/2017,144.759995,145.100006,143.220001,144.190002,143.816727,515200
10/20/2017,144.990005,145.690002,144.210007,145.660004,145.282928,476400
10/23/2017,145.619995,146.220001,145.279999,146.059998,145.681885,597300
10/24/2017,146.070007,147.690002,145.199997,147,146.619461,714600
10/25/2017,146.979996,147.270004,144.449997,145.580002,145.203125,938300
10/26/2017,146.490005,148,146.460007,147.380005,146.998474,912900
10/27/2017,147.979996,147.979996,145.960007,146.399994,146.020996,863600
10/30/2017,145.850006,145.880005,141.369995,142.979996,142.609863,808800
10/31/2017,142.990005,143.410004,141.589996,142.410004,142.041336,985900
11/1/2017,143.789993,144.270004,142.5,143.490005,143.118546,543300
11/2/2017,143.210007,144.029999,142.149994,143.529999,143.158432,823700
11/3/2017,144.389999,147.679993,140.149994,146.289993,145.911285,1953500
11/6/2017,146.449997,146.630005,144.300003,144.509995,144.135895,851700
11/7/2017,144.679993,145.669998,143.179993,143.770004,143.397827,549200
11/8/2017,143.639999,144.979996,143.169998,144.929993,144.55481,552400
11/9/2017,144.470001,144.770004,141.899994,143.089996,142.719574,572600
11/10/2017,142.649994,143.380005,141.679993,142.190002,141.821915,546400
11/13/2017,141.539993,142.619995,141.089996,142.149994,141.781998,492300
11/14/2017,141.759995,143.889999,141.309998,143.139999,142.76944,424900
11/15/2017,142.610001,143.119995,141.490005,141.960007,141.592514,619300
11/16/2017,142.75,144.979996,142.75,144.089996,143.71698,789100
11/17/2017,144.669998,147.330002,143.610001,146.789993,146.409988,941900
11/20/2017,146.860001,148.550003,146.710007,148.309998,148.309998,831700
11/21/2017,149,149.630005,148.770004,149.460007,149.460007,804900
11/22/2017,149.399994,149.889999,148.5,149.399994,149.399994,685000
11/24/2017,149.350006,150.729996,149.350006,150.229996,150.229996,291000
11/27/2017,150.240005,151.410004,149.720001,149.869995,149.869995,587400
11/28/2017,150.440002,151.080002,149.309998,150.880005,150.880005,1098332
